<?xml version="1.0" encoding="UTF-8" standalone="yes" ?>
<preferences>
  <mimeTypes>
    <mimeType contentType="application/andrew-inset" extensions="ez"/>
    <mimeType contentType="application/atom+xml" extensions="atom"/>
    <mimeType contentType="application/atomcat+xml" extensions="atomcat"/>
    <mimeType contentType="application/atomsvc+xml" extensions="atomsvc"/>
    <mimeType contentType="application/ccxml+xml" extensions="ccxml"/>
    <mimeType contentType="application/davmount+xml" extensions="davmount"/>
    <mimeType contentType="application/ecmascript" extensions="ecma"/>
    <mimeType contentType="application/font-tdpfr" extensions="pfr"/>
    <mimeType contentType="application/hyperstudio" extensions="stk"/>
    <mimeType compressible="true" contentType="application/javascript" extensions="js"/>
    <mimeType compressible="true" contentType="application/json" extensions="json"/>
    <mimeType compressible="true" contentType="application/json-rpc" extensions="jsonrpc"/>
    <mimeType compressible="true" contentType="application/jsonrequest" extensions="jsonrequest"/>
    <mimeType contentType="application/mac-binhex40" extensions="hqx"/>
    <mimeType contentType="application/mac-compactpro" extensions="cpt"/>
    <mimeType contentType="application/marc" extensions="mrc"/>
    <mimeType contentType="application/mathematica" extensions="ma;nb;mb"/>
    <mimeType contentType="application/mathml+xml" extensions="mathml"/>
    <mimeType contentType="application/mbox" extensions="mbox"/>
    <mimeType contentType="application/mediaservercontrol+xml" extensions="mscml"/>
    <mimeType contentType="application/mp4" extensions="mp4s"/>
    <mimeType contentType="application/msword" extensions="doc;dot"/>
    <mimeType contentType="application/mxf" extensions="mxf"/>
    <mimeType contentType="application/octet-stream" extensions="bin;;dms;lha;lzh;class;so;iso;dmg;dist;distz;pkg;bpk;dump;elc;arc;ark;sue"/>
    <mimeType contentType="application/oda" extensions="oda"/>
    <mimeType contentType="application/ogg" extensions="ogg"/>
    <mimeType contentType="application/pdf" extensions="pdf"/>
    <mimeType contentType="application/pgp-encrypted" extensions="pgp"/>
    <mimeType contentType="application/pgp-signature" extensions="asc;sig"/>
    <mimeType contentType="application/pics-rules" extensions="prf"/>
    <mimeType contentType="application/pkcs10" extensions="p10"/>
    <mimeType contentType="application/pkcs7-mime" extensions="p7m;p7c"/>
    <mimeType contentType="application/pkcs7-signature" extensions="p7s"/>
    <mimeType contentType="application/pkix-cert" extensions="cer"/>
    <mimeType contentType="application/pkix-crl" extensions="crl"/>
    <mimeType contentType="application/pkix-pkipath" extensions="pkipath"/>
    <mimeType contentType="application/pkixcmp" extensions="pki"/>
    <mimeType contentType="application/pls+xml" extensions="pls"/>
    <mimeType contentType="application/postscript" extensions="ai;eps;ps"/>
    <mimeType contentType="application/prs.cww" extensions="cww"/>
    <mimeType contentType="application/rdf+xml" extensions="rdf"/>
    <mimeType contentType="application/reginfo+xml" extensions="rif"/>
    <mimeType contentType="application/relax-ng-compact-syntax" extensions="rnc"/>
    <mimeType contentType="application/resource-lists+xml" extensions="rl"/>
    <mimeType contentType="application/rls-services+xml" extensions="rs"/>
    <mimeType contentType="application/rsd+xml" extensions="rsd"/>
    <mimeType contentType="application/rss+xml" extensions="rss"/>
    <mimeType contentType="application/rtf" extensions="rtf"/>
    <mimeType contentType="application/sbml+xml" extensions="sbml"/>
    <mimeType contentType="application/scvp-cv-request" extensions="scq"/>
    <mimeType contentType="application/scvp-cv-response" extensions="scs"/>
    <mimeType contentType="application/scvp-vp-request" extensions="spq"/>
    <mimeType contentType="application/scvp-vp-response" extensions="spp"/>
    <mimeType contentType="application/sdp" extensions="sdp"/>
    <mimeType contentType="application/set-payment-initiation" extensions="setpay"/>
    <mimeType contentType="application/set-registration-initiation" extensions="setreg"/>
    <mimeType contentType="application/shf+xml" extensions="shf"/>
    <mimeType contentType="application/smil+xml" extensions="smi;smil"/>
    <mimeType contentType="application/sparql-query" extensions="rq"/>
    <mimeType contentType="application/sparql-results+xml" extensions="srx"/>
    <mimeType contentType="application/srgs" extensions="gram"/>
    <mimeType contentType="application/srgs+xml" extensions="grxml"/>
    <mimeType contentType="application/ssml+xml" extensions="ssml"/>
    <mimeType contentType="application/vnd.3gpp.pic-bw-large" extensions="plb"/>
    <mimeType contentType="application/vnd.3gpp.pic-bw-small" extensions="psb"/>
    <mimeType contentType="application/vnd.3gpp.pic-bw-var" extensions="pvb"/>
    <mimeType contentType="application/vnd.3gpp2.tcap" extensions="tcap"/>
    <mimeType contentType="application/vnd.3m.post-it-notes" extensions="pwn"/>
    <mimeType contentType="application/vnd.accpac.simply.aso" extensions="aso"/>
    <mimeType contentType="application/vnd.accpac.simply.imp" extensions="imp"/>
    <mimeType contentType="application/vnd.acucobol" extensions="acu"/>
    <mimeType contentType="application/vnd.acucorp" extensions="atc;acutc"/>
    <mimeType contentType="application/vnd.adobe.xdp+xml" extensions="xdp"/>
    <mimeType contentType="application/vnd.adobe.xfdf" extensions="xfdf"/>
    <mimeType contentType="application/vnd.amiga.ami" extensions="ami"/>
    <mimeType contentType="application/vnd.anser-web-certificate-issue-initiation" extensions="cii"/>
    <mimeType contentType="application/vnd.anser-web-funds-transfer-initiation" extensions="fti"/>
    <mimeType contentType="application/vnd.antix.game-component" extensions="atx"/>
    <mimeType contentType="application/vnd.apple.installer+xml" extensions="mpkg"/>
    <mimeType contentType="application/vnd.audiograph" extensions="aep"/>
    <mimeType contentType="application/vnd.blueice.multipass" extensions="mpm"/>
    <mimeType contentType="application/vnd.bmi" extensions="bmi"/>
    <mimeType contentType="application/vnd.businessobjects" extensions="rep"/>
    <mimeType contentType="application/vnd.chemdraw+xml" extensions="cdxml"/>
    <mimeType contentType="application/vnd.chipnuts.karaoke-mmd" extensions="mmd"/>
    <mimeType contentType="application/vnd.cinderella" extensions="cdy"/>
    <mimeType contentType="application/vnd.claymore" extensions="cla"/>
    <mimeType contentType="application/vnd.clonk.c4group" extensions="c4g;c4d;c4f;c4p;c4u"/>
    <mimeType contentType="application/vnd.commonspace" extensions="csp;cst"/>
    <mimeType contentType="application/vnd.contact.cmsg" extensions="cdbcmsg"/>
    <mimeType contentType="application/vnd.cosmocaller" extensions="cmc"/>
    <mimeType contentType="application/vnd.crick.clicker" extensions="clkx"/>
    <mimeType contentType="application/vnd.crick.clicker.keyboard" extensions="clkk"/>
    <mimeType contentType="application/vnd.crick.clicker.palette" extensions="clkp"/>
    <mimeType contentType="application/vnd.crick.clicker.template" extensions="clkt"/>
    <mimeType contentType="application/vnd.crick.clicker.wordbank" extensions="clkw"/>
    <mimeType contentType="application/vnd.criticaltools.wbs+xml" extensions="wbs"/>
    <mimeType contentType="application/vnd.ctc-posml" extensions="pml"/>
    <mimeType contentType="application/vnd.cups-ppd" extensions="ppd"/>
    <mimeType contentType="application/vnd.curl" extensions="curl"/>
    <mimeType contentType="application/vnd.data-vision.rdz" extensions="rdz"/>
    <mimeType contentType="application/vnd.denovo.fcselayout-link" extensions="fe_launch"/>
    <mimeType contentType="application/vnd.dna" extensions="dna"/>
    <mimeType contentType="application/vnd.dolby.mlp" extensions="mlp"/>
    <mimeType contentType="application/vnd.dpgraph" extensions="dpg"/>
    <mimeType contentType="application/vnd.dreamfactory" extensions="dfac"/>
    <mimeType contentType="application/vnd.ecowin.chart" extensions="mag"/>
    <mimeType contentType="application/vnd.enliven" extensions="nml"/>
    <mimeType contentType="application/vnd.epson.esf" extensions="esf"/>
    <mimeType contentType="application/vnd.epson.msf" extensions="msf"/>
    <mimeType contentType="application/vnd.epson.quickanime" extensions="qam"/>
    <mimeType contentType="application/vnd.epson.salt" extensions="slt"/>
    <mimeType contentType="application/vnd.epson.ssf" extensions="ssf"/>
    <mimeType contentType="application/vnd.eszigno3+xml" extensions="es3;et3"/>
    <mimeType contentType="application/vnd.ezpix-album" extensions="ez2"/>
    <mimeType contentType="application/vnd.ezpix-package" extensions="ez3"/>
    <mimeType contentType="application/vnd.fdf" extensions="fdf"/>
    <mimeType contentType="application/vnd.flographit" extensions="gph"/>
    <mimeType contentType="application/vnd.fluxtime.clip" extensions="ftc"/>
    <mimeType contentType="application/vnd.framemaker" extensions="fm;frame;maker"/>
    <mimeType contentType="application/vnd.frogans.fnc" extensions="fnc"/>
    <mimeType contentType="application/vnd.frogans.ltf" extensions="ltf"/>
    <mimeType contentType="application/vnd.fsc.weblaunch" extensions="fsc"/>
    <mimeType contentType="application/vnd.fujitsu.oasys" extensions="oas"/>
    <mimeType contentType="application/vnd.fujitsu.oasys2" extensions="oa2"/>
    <mimeType contentType="application/vnd.fujitsu.oasys3" extensions="oa3"/>
    <mimeType contentType="application/vnd.fujitsu.oasysgp" extensions="fg5"/>
    <mimeType contentType="application/vnd.fujitsu.oasysprs" extensions="bh2"/>
    <mimeType contentType="application/vnd.fujixerox.ddd" extensions="ddd"/>
    <mimeType contentType="application/vnd.fujixerox.docuworks" extensions="xdw"/>
    <mimeType contentType="application/vnd.fujixerox.docuworks.binder" extensions="xbd"/>
    <mimeType contentType="application/vnd.fuzzysheet" extensions="fzs"/>
    <mimeType contentType="application/vnd.genomatix.tuxedo" extensions="txd"/>
    <mimeType contentType="application/vnd.google-earth.kml+xml" extensions="kml"/>
    <mimeType contentType="application/vnd.google-earth.kmz" extensions="kmz"/>
    <mimeType contentType="application/vnd.grafeq" extensions="gqf;gqs"/>
    <mimeType contentType="application/vnd.groove-account" extensions="gac"/>
    <mimeType contentType="application/vnd.groove-help" extensions="ghf"/>
    <mimeType contentType="application/vnd.groove-identity-message" extensions="gim"/>
    <mimeType contentType="application/vnd.groove-injector" extensions="grv"/>
    <mimeType contentType="application/vnd.groove-tool-message" extensions="gtm"/>
    <mimeType contentType="application/vnd.groove-tool-template" extensions="tpl"/>
    <mimeType contentType="application/vnd.groove-vcard" extensions="vcg"/>
    <mimeType contentType="application/vnd.handheld-entertainment+xml" extensions="zmm"/>
    <mimeType contentType="application/vnd.hbci" extensions="hbci"/>
    <mimeType contentType="application/vnd.hhe.lesson-player" extensions="les"/>
    <mimeType contentType="application/vnd.hp-hpgl" extensions="hpgl"/>
    <mimeType contentType="application/vnd.hp-hpid" extensions="hpid"/>
    <mimeType contentType="application/vnd.hp-hps" extensions="hps"/>
    <mimeType contentType="application/vnd.hp-jlyt" extensions="jlt"/>
    <mimeType contentType="application/vnd.hp-pcl" extensions="pcl"/>
    <mimeType contentType="application/vnd.hp-pclxl" extensions="pclxl"/>
    <mimeType contentType="application/vnd.hzn-3d-crossword" extensions="x3d"/>
    <mimeType contentType="application/vnd.ibm.minipay" extensions="mpy"/>
    <mimeType contentType="application/vnd.ibm.modcap" extensions="afp;listafp;list3820"/>
    <mimeType contentType="application/vnd.ibm.rights-management" extensions="irm"/>
    <mimeType contentType="application/vnd.ibm.secure-container" extensions="sc"/>
    <mimeType contentType="application/vnd.igloader" extensions="igl"/>
    <mimeType contentType="application/vnd.immervision-ivp" extensions="ivp"/>
    <mimeType contentType="application/vnd.immervision-ivu" extensions="ivu"/>
    <mimeType contentType="application/vnd.intercon.formnet" extensions="xpw;xpx"/>
    <mimeType contentType="application/vnd.intu.qbo" extensions="qbo"/>
    <mimeType contentType="application/vnd.intu.qfx" extensions="qfx"/>
    <mimeType contentType="application/vnd.ipunplugged.rcprofile" extensions="rcprofile"/>
    <mimeType contentType="application/vnd.irepository.package+xml" extensions="irp"/>
    <mimeType contentType="application/vnd.is-xpr" extensions="xpr"/>
    <mimeType contentType="application/vnd.jam" extensions="jam"/>
    <mimeType contentType="application/vnd.jcp.javame.midlet-rms" extensions="rms"/>
    <mimeType contentType="application/vnd.jisp" extensions="jisp"/>
    <mimeType contentType="application/vnd.joost.joda-archive" extensions="joda"/>
    <mimeType contentType="application/vnd.kahootz" extensions="ktz;ktr"/>
    <mimeType contentType="application/vnd.kde.karbon" extensions="karbon"/>
    <mimeType contentType="application/vnd.kde.kchart" extensions="chrt"/>
    <mimeType contentType="application/vnd.kde.kformula" extensions="kfo"/>
    <mimeType contentType="application/vnd.kde.kivio" extensions="flw"/>
    <mimeType contentType="application/vnd.kde.kontour" extensions="kon"/>
    <mimeType contentType="application/vnd.kde.kpresenter" extensions="kpr;kpt"/>
    <mimeType contentType="application/vnd.kde.kspread" extensions="ksp"/>
    <mimeType contentType="application/vnd.kde.kword" extensions="kwd;kwt"/>
    <mimeType contentType="application/vnd.kenameaapp" extensions="htke"/>
    <mimeType contentType="application/vnd.kidspiration" extensions="kia"/>
    <mimeType contentType="application/vnd.kinar" extensions="kne;knp"/>
    <mimeType contentType="application/vnd.koan" extensions="skp;skd;skt;skm"/>
    <mimeType contentType="application/vnd.llamagraphics.life-balance.desktop" extensions="lbd"/>
    <mimeType contentType="application/vnd.llamagraphics.life-balance.exchange+xml" extensions="lbe"/>
    <mimeType contentType="application/vnd.lotus-1-2-3" extensions="123"/>
    <mimeType contentType="application/vnd.lotus-approach" extensions="apr"/>
    <mimeType contentType="application/vnd.lotus-freelance" extensions="pre"/>
    <mimeType contentType="application/vnd.lotus-notes" extensions="nsf"/>
    <mimeType contentType="application/vnd.lotus-organizer" extensions="org"/>
    <mimeType contentType="application/vnd.lotus-screencam" extensions="scm"/>
    <mimeType contentType="application/vnd.lotus-wordpro" extensions="lwp"/>
    <mimeType contentType="application/vnd.macports.portpkg" extensions="portpkg"/>
    <mimeType contentType="application/vnd.mcd" extensions="mcd"/>
    <mimeType contentType="application/vnd.medcalcdata" extensions="mc1"/>
    <mimeType contentType="application/vnd.mediastation.cdkey" extensions="cdkey"/>
    <mimeType contentType="application/vnd.mfer" extensions="mwf"/>
    <mimeType contentType="application/vnd.mfmp" extensions="mfm"/>
    <mimeType contentType="application/vnd.micrografx.flo" extensions="flo"/>
    <mimeType contentType="application/vnd.micrografx.igx" extensions="igx"/>
    <mimeType contentType="application/vnd.mif" extensions="mif"/>
    <mimeType contentType="application/vnd.mobius.daf" extensions="daf"/>
    <mimeType contentType="application/vnd.mobius.dis" extensions="dis"/>
    <mimeType contentType="application/vnd.mobius.mbk" extensions="mbk"/>
    <mimeType contentType="application/vnd.mobius.mqy" extensions="mqy"/>
    <mimeType contentType="application/vnd.mobius.msl" extensions="msl"/>
    <mimeType contentType="application/vnd.mobius.plc" extensions="plc"/>
    <mimeType contentType="application/vnd.mobius.txf" extensions="txf"/>
    <mimeType contentType="application/vnd.mophun.application" extensions="mpn"/>
    <mimeType contentType="application/vnd.mophun.certificate" extensions="mpc"/>
    <mimeType contentType="application/vnd.mozilla.xul+xml" extensions="xul"/>
    <mimeType contentType="application/vnd.ms-artgalry" extensions="cil"/>
    <mimeType contentType="application/vnd.ms-cab-compressed" extensions="cab"/>
    <mimeType contentType="application/vnd.ms-excel" extensions="xls;xlm;xla;xlc;xlt;xlw"/>
    <mimeType compressible="true" contentType="application/vnd.ms-fontobject" extensions="eot"/>
    <mimeType contentType="application/vnd.ms-htmlhelp" extensions="chm"/>
    <mimeType contentType="application/vnd.ms-ims" extensions="ims"/>
    <mimeType contentType="application/vnd.ms-lrm" extensions="lrm"/>
    <mimeType contentType="application/vnd.ms-powerpoint" extensions="ppt;pps;pot"/>
    <mimeType contentType="application/vnd.ms-project" extensions="mpp;mpt"/>
    <mimeType contentType="application/vnd.ms-works" extensions="wps;wks;wcm;wdb"/>
    <mimeType contentType="application/vnd.ms-wpl" extensions="wpl"/>
    <mimeType contentType="application/vnd.ms-xpsdocument" extensions="xps"/>
    <mimeType contentType="application/vnd.mseq" extensions="mseq"/>
    <mimeType contentType="application/vnd.musician" extensions="mus"/>
    <mimeType contentType="application/vnd.muvee.style" extensions="msty"/>
    <mimeType contentType="application/vnd.neurolanguage.nlu" extensions="nlu"/>
    <mimeType contentType="application/vnd.noblenet-directory" extensions="nnd"/>
    <mimeType contentType="application/vnd.noblenet-sealer" extensions="nns"/>
    <mimeType contentType="application/vnd.noblenet-web" extensions="nnw"/>
    <mimeType contentType="application/vnd.nokia.n-gage.data" extensions="ngdat"/>
    <mimeType contentType="application/vnd.nokia.n-gage.symbian.install" extensions="n-gage"/>
    <mimeType contentType="application/vnd.nokia.radio-preset" extensions="rpst"/>
    <mimeType contentType="application/vnd.nokia.radio-presets" extensions="rpss"/>
    <mimeType contentType="application/vnd.novadigm.edm" extensions="edm"/>
    <mimeType contentType="application/vnd.novadigm.edx" extensions="edx"/>
    <mimeType contentType="application/vnd.novadigm.ext" extensions="ext"/>
    <mimeType contentType="application/vnd.oasis.opendocument.chart" extensions="odc"/>
    <mimeType contentType="application/vnd.oasis.opendocument.chart-template" extensions="otc"/>
    <mimeType contentType="application/vnd.oasis.opendocument.formula" extensions="odf"/>
    <mimeType contentType="application/vnd.oasis.opendocument.formula-template" extensions="otf"/>
    <mimeType contentType="application/vnd.oasis.opendocument.graphics" extensions="odg"/>
    <mimeType contentType="application/vnd.oasis.opendocument.graphics-template" extensions="otg"/>
    <mimeType contentType="application/vnd.oasis.opendocument.image" extensions="odi"/>
    <mimeType contentType="application/vnd.oasis.opendocument.image-template" extensions="oti"/>
    <mimeType contentType="application/vnd.oasis.opendocument.presentation" extensions="odp"/>
    <mimeType contentType="application/vnd.oasis.opendocument.presentation-template" extensions="otp"/>
    <mimeType contentType="application/vnd.oasis.opendocument.spreadsheet" extensions="ods"/>
    <mimeType contentType="application/vnd.oasis.opendocument.spreadsheet-template" extensions="ots"/>
    <mimeType contentType="application/vnd.oasis.opendocument.text" extensions="odt"/>
    <mimeType contentType="application/vnd.oasis.opendocument.text-master" extensions="otm"/>
    <mimeType contentType="application/vnd.oasis.opendocument.text-template" extensions="ott"/>
    <mimeType contentType="application/vnd.oasis.opendocument.text-web" extensions="oth"/>
    <mimeType contentType="application/vnd.olpc-sugar" extensions="xo"/>
    <mimeType contentType="application/vnd.oma.dd2+xml" extensions="dd2"/>
    <mimeType contentType="application/vnd.openofficeorg.extension" extensions="oxt"/>
    <mimeType contentType="application/vnd.openxmlformats-officedocument.spreadsheetml.sheet" extensions="xlsx"/>
    <mimeType contentType="application/vnd.openxmlformats-officedocument.spreadsheetml.template" extensions="xltx"/>
    <mimeType contentType="application/vnd.openxmlformats-officedocument.wordprocessingml.document" extensions="docx"/>
    <mimeType contentType="application/vnd.openxmlformats-officedocument.wordprocessingml.template" extensions="dotx"/>
    <mimeType contentType="application/vnd.openxmlformats-officedocument.presentationml.presentation" extensions="pptx"/>
    <mimeType contentType="application/vnd.openxmlformats-officedocument.presentationml.slideshow" extensions="ppsx"/>
    <mimeType contentType="application/vnd.openxmlformats-officedocument.presentationml.template" extensions="potx"/>
    <mimeType contentType="application/vnd.osgi.dp" extensions="dp"/>
    <mimeType contentType="application/vnd.palm" extensions="prc;pqa;oprc"/>
    <mimeType contentType="application/vnd.pg.format" extensions="str"/>
    <mimeType contentType="application/vnd.pg.osasli" extensions="ei6"/>
    <mimeType contentType="application/vnd.picsel" extensions="efif"/>
    <mimeType contentType="application/vnd.pocketlearn" extensions="plf"/>
    <mimeType contentType="application/vnd.powerbuilder6" extensions="pbd"/>
    <mimeType contentType="application/vnd.previewsystems.box" extensions="box"/>
    <mimeType contentType="application/vnd.proteus.magazine" extensions="mgz"/>
    <mimeType contentType="application/vnd.publishare-delta-tree" extensions="qps"/>
    <mimeType contentType="application/vnd.pvi.ptid1" extensions="ptid"/>
    <mimeType contentType="application/vnd.quark.quarkxpress" extensions="qxd;qxt;qwd;qwt;qxl;qxb"/>
    <mimeType contentType="application/vnd.recordare.musicxml" extensions="mxl"/>
    <mimeType contentType="application/vnd.rn-realmedia" extensions="rm"/>
    <mimeType contentType="application/vnd.seemail" extensions="see"/>
    <mimeType contentType="application/vnd.sema" extensions="sema"/>
    <mimeType contentType="application/vnd.semd" extensions="semd"/>
    <mimeType contentType="application/vnd.semf" extensions="semf"/>
    <mimeType contentType="application/vnd.shana.informed.formdata" extensions="ifm"/>
    <mimeType contentType="application/vnd.shana.informed.formtemplate" extensions="itp"/>
    <mimeType contentType="application/vnd.shana.informed.interchange" extensions="iif"/>
    <mimeType contentType="application/vnd.shana.informed.package" extensions="ipk"/>
    <mimeType contentType="application/vnd.simtech-mindmapper" extensions="twd;twds"/>
    <mimeType contentType="application/vnd.smaf" extensions="mmf"/>
    <mimeType contentType="application/vnd.solent.sdkm+xml" extensions="sdkm;sdkd"/>
    <mimeType contentType="application/vnd.spotfire.dxp" extensions="dxp"/>
    <mimeType contentType="application/vnd.spotfire.sfs" extensions="sfs"/>
    <mimeType contentType="application/vnd.sus-calendar" extensions="sus;susp"/>
    <mimeType contentType="application/vnd.svd" extensions="svd"/>
    <mimeType contentType="application/vnd.syncml.dm+wbxml" extensions="bdm"/>
    <mimeType contentType="application/vnd.syncml.dm+xml" extensions="xdm"/>
    <mimeType contentType="application/vnd.syncml+xml" extensions="xsm"/>
    <mimeType contentType="application/vnd.tao.intent-module-archive" extensions="tao"/>
    <mimeType contentType="application/vnd.tmobile-livetv" extensions="tmo"/>
    <mimeType contentType="application/vnd.trid.tpt" extensions="tpt"/>
    <mimeType contentType="application/vnd.triscape.mxs" extensions="mxs"/>
    <mimeType contentType="application/vnd.trueapp" extensions="tra"/>
    <mimeType contentType="application/vnd.ufdl" extensions="ufd;ufdl"/>
    <mimeType contentType="application/vnd.uiq.theme" extensions="utz"/>
    <mimeType contentType="application/vnd.umajin" extensions="umj"/>
    <mimeType contentType="application/vnd.unity" extensions="unityweb"/>
    <mimeType contentType="application/vnd.uoml+xml" extensions="uoml"/>
    <mimeType contentType="application/vnd.vcx" extensions="vcx"/>
    <mimeType contentType="application/vnd.visio" extensions="vsd;vst;vss;vsw"/>
    <mimeType contentType="application/vnd.visionary" extensions="vis"/>
    <mimeType contentType="application/vnd.vsf" extensions="vsf"/>
    <mimeType contentType="application/vnd.wap.wbxml" extensions="wbxml"/>
    <mimeType contentType="application/vnd.wap.wmlc" extensions="wmlc"/>
    <mimeType contentType="application/vnd.wap.wmlscriptc" extensions="wmlsc"/>
    <mimeType contentType="application/vnd.webturbo" extensions="wtb"/>
    <mimeType contentType="application/vnd.wordperfect" extensions="wpd"/>
    <mimeType contentType="application/vnd.wqd" extensions="wqd"/>
    <mimeType contentType="application/vnd.wt.stf" extensions="stf"/>
    <mimeType contentType="application/vnd.xara" extensions="xar"/>
    <mimeType contentType="application/vnd.xfdl" extensions="xfdl"/>
    <mimeType contentType="application/vnd.yamaha.hv-dic" extensions="hvd"/>
    <mimeType contentType="application/vnd.yamaha.hv-script" extensions="hvs"/>
    <mimeType contentType="application/vnd.yamaha.hv-voice" extensions="hvp"/>
    <mimeType contentType="application/vnd.yamaha.smaf-audio" extensions="saf"/>
    <mimeType contentType="application/vnd.yamaha.smaf-phrase" extensions="spf"/>
    <mimeType contentType="application/vnd.yellowriver-custom-menu" extensions="cmp"/>
    <mimeType contentType="application/vnd.zzazz.deck+xml" extensions="zaz"/>
    <mimeType contentType="application/voicexml+xml" extensions="vxml"/>
    <mimeType contentType="application/winhlp" extensions="hlp"/>
    <mimeType contentType="application/wsdl+xml" extensions="wsdl"/>
    <mimeType contentType="application/wspolicy+xml" extensions="wspolicy"/>
    <mimeType contentType="application/x-7z-compressed" extensions="7z"/>
    <mimeType contentType="application/x-ace-compressed" extensions="ace"/>
    <mimeType contentType="application/x-bcpio" extensions="bcpio"/>
    <mimeType contentType="application/x-bittorrent" extensions="torrent"/>
    <mimeType contentType="application/x-bzip" extensions="bz"/>
    <mimeType contentType="application/x-bzip2" extensions="bz2;boz;tar.bz2;tbz2;tb2"/>
    <mimeType contentType="application/x-cdlink" extensions="vcd"/>
    <mimeType contentType="application/x-chat" extensions="chat"/>
    <mimeType contentType="application/x-chess-pgn" extensions="pgn"/>
    <mimeType contentType="application/x-compress" extensions="z;taz;tar.z"/>
    <mimeType contentType="application/x-cpio" extensions="cpio"/>
    <mimeType contentType="application/x-csh" extensions="csh"/>
    <mimeType contentType="application/x-director" extensions="dcr;dir;dxr;fgd"/>
    <mimeType contentType="application/x-dvi" extensions="dvi"/>
    <mimeType contentType="application/x-futuresplash" extensions="spl"/>
    <mimeType contentType="application/x-gtar" extensions="gtar"/>
    <mimeType contentType="application/x-gzip" extensions="gz;tgz;tar.gz;gzip"/>
    <mimeType contentType="application/x-hdf" extensions="hdf"/>
    <mimeType contentType="application/x-latex" extensions="latex"/>
    <mimeType contentType="application/x-ms-wmd" extensions="wmd"/>
    <mimeType contentType="application/x-ms-wmz" extensions="wmz"/>
    <mimeType contentType="application/x-msaccess" extensions="mdb"/>
    <mimeType contentType="application/x-msbinder" extensions="obd"/>
    <mimeType contentType="application/x-mscardfile" extensions="crd"/>
    <mimeType contentType="application/x-msclip" extensions="clp"/>
    <mimeType contentType="application/x-msdownload" extensions="exe;dll;com;bat;msi"/>
    <mimeType contentType="application/x-msmediaview" extensions="mvb;m13;m14"/>
    <mimeType contentType="application/x-msmetafile" extensions="wmf"/>
    <mimeType contentType="application/x-msmoney" extensions="mny"/>
    <mimeType contentType="application/x-mspublisher" extensions="pub"/>
    <mimeType contentType="application/x-msschedule" extensions="scd"/>
    <mimeType contentType="application/x-msterminal" extensions="trm"/>
    <mimeType contentType="application/x-mswrite" extensions="wri"/>
    <mimeType contentType="application/x-netcdf" extensions="nc;cdf"/>
    <mimeType contentType="application/x-pkcs12" extensions="p12;pfx"/>
    <mimeType contentType="application/x-pkcs7-certificates" extensions="p7b;spc"/>
    <mimeType contentType="application/x-pkcs7-certreqresp" extensions="p7r"/>
    <mimeType contentType="application/x-rar-compressed" extensions="rar"/>
    <mimeType contentType="application/x-sh" extensions="sh"/>
    <mimeType contentType="application/x-shar" extensions="shar"/>
    <mimeType contentType="application/x-shockwave-flash" extensions="swf"/>
    <mimeType contentType="application/x-stuffit" extensions="sit"/>
    <mimeType contentType="application/x-stuffitx" extensions="sitx"/>
    <mimeType contentType="application/x-sv4cpio" extensions="sv4cpio"/>
    <mimeType contentType="application/x-sv4crc" extensions="sv4crc"/>
    <mimeType contentType="application/x-tar" extensions="tar"/>
    <mimeType contentType="application/x-tcl" extensions="tcl"/>
    <mimeType contentType="application/x-tex" extensions="tex"/>
    <mimeType contentType="application/x-texinfo" extensions="texinfo;texi"/>
    <mimeType contentType="application/x-ustar" extensions="ustar"/>
    <mimeType contentType="application/x-wais-source" extensions="src"/>
    <mimeType contentType="application/x-x509-ca-cert" extensions="der;crt"/>
    <mimeType contentType="application/xenc+xml" extensions="xenc"/>
    <mimeType contentType="application/xhtml+xml" extensions="xhtml;xht"/>
    <mimeType compressible="true" contentType="application/xml" extensions="xml;xsl" parsable="true"/>
    <mimeType compressible="true" contentType="application/xml-dtd" extensions="dtd" parsable="true"/>
    <mimeType contentType="application/xop+xml" extensions="xop"/>
    <mimeType contentType="application/xslt+xml" extensions="xslt"/>
    <mimeType contentType="application/xspf+xml" extensions="xspf"/>
    <mimeType contentType="application/xv+xml" extensions="mxml;xhvml;xvml;xvm"/>
    <mimeType contentType="application/zip" extensions="zip"/>
    <mimeType contentType="audio/aac" extensions="aac"/>
    <mimeType contentType="audio/basic" extensions="au;snd"/>
    <mimeType contentType="audio/midi" extensions="mid;midi;kar;rmi"/>
    <mimeType contentType="audio/mp4" extensions="mp4a"/>
    <mimeType contentType="audio/mpeg" extensions="mpga;mp2;mp2a;mp3;m2a;m3a"/>
    <mimeType contentType="audio/ogg" extensions="oga"/>
    <mimeType contentType="audio/vnd.digital-winds" extensions="eol"/>
    <mimeType contentType="audio/vnd.lucent.voice" extensions="lvp"/>
    <mimeType contentType="audio/vnd.nuera.ecelp4800" extensions="ecelp4800"/>
    <mimeType contentType="audio/vnd.nuera.ecelp7470" extensions="ecelp7470"/>
    <mimeType contentType="audio/vnd.nuera.ecelp9600" extensions="ecelp9600"/>
    <mimeType contentType="audio/x-aiff" extensions="aif;aiff;aifc"/>
    <mimeType contentType="audio/x-flac" extensions="flac"/>
    <mimeType contentType="audio/x-m4a" extensions="m4a"/>
    <mimeType contentType="audio/x-mpegurl" extensions="m3u"/>
    <mimeType contentType="audio/x-ms-wax" extensions="wax"/>
    <mimeType contentType="audio/x-ms-wma" extensions="wma"/>
    <mimeType contentType="audio/x-pn-realaudio" extensions="ram;ra"/>
    <mimeType contentType="audio/x-pn-realaudio-plugin" extensions="rmp"/>
    <mimeType contentType="audio/x-wav" extensions="wav"/>
    <mimeType contentType="chemical/x-cdx" extensions="cdx"/>
    <mimeType contentType="chemical/x-cif" extensions="cif"/>
    <mimeType contentType="chemical/x-cmdf" extensions="cmdf"/>
    <mimeType contentType="chemical/x-cml" extensions="cml"/>
    <mimeType contentType="chemical/x-csml" extensions="csml"/>
    <mimeType contentType="chemical/x-pdb" extensions="pdb"/>
    <mimeType contentType="chemical/x-xyz" extensions="xyz"/>
    <mimeType compressible="true" contentType="font/otf" extensions="otf"/>
    <mimeType compressible="true" contentType="font/ttf" extensions="ttf"/>
    <mimeType compressible="true" contentType="font/x-woff" extensions="woff"/>
    <mimeType contentType="image/bmp" extensions="bmp"/>
    <mimeType contentType="image/cgm" extensions="cgm"/>
    <mimeType contentType="image/g3fax" extensions="g3"/>
    <mimeType contentType="image/gif" extensions="gif"/>
    <mimeType contentType="image/ief" extensions="ief"/>
    <mimeType contentType="image/jpeg" extensions="jpeg;jpg;jpe"/>
    <mimeType contentType="image/png" extensions="png"/>
    <mimeType contentType="image/prs.btif" extensions="btif"/>
    <mimeType compressible="true" contentType="image/svg+xml" extensions="svg"/>
    <mimeType contentType="image/svg+xml" extensions="svgz"/>
    <mimeType contentType="image/tiff" extensions="tiff;tif"/>
    <mimeType contentType="image/vnd.adobe.photoshop" extensions="psd"/>
    <mimeType contentType="image/vnd.djvu" extensions="djvu;djv"/>
    <mimeType contentType="image/vnd.dwg" extensions="dwg"/>
    <mimeType contentType="image/vnd.dxf" extensions="dxf"/>
    <mimeType contentType="image/vnd.fastbidsheet" extensions="fbs"/>
    <mimeType contentType="image/vnd.fpx" extensions="fpx"/>
    <mimeType contentType="image/vnd.fst" extensions="fst"/>
    <mimeType contentType="image/vnd.fujixerox.edmics-mmr" extensions="mmr"/>
    <mimeType contentType="image/vnd.fujixerox.edmics-rlc" extensions="rlc"/>
    <mimeType contentType="image/vnd.ms-modi" extensions="mdi"/>
    <mimeType contentType="image/vnd.net-fpx" extensions="npx"/>
    <mimeType contentType="image/vnd.wap.wbmp" extensions="wbmp"/>
    <mimeType contentType="image/vnd.xiff" extensions="xif"/>
    <mimeType contentType="image/x-cmu-raster" extensions="ras"/>
    <mimeType contentType="image/x-cmx" extensions="cmx"/>
    <mimeType contentType="image/x-icon" extensions="ico"/>
    <mimeType contentType="image/x-pcx" extensions="pcx"/>
    <mimeType contentType="image/x-pict" extensions="pic;pct"/>
    <mimeType contentType="image/x-portable-anymap" extensions="pnm"/>
    <mimeType contentType="image/x-portable-bitmap" extensions="pbm"/>
    <mimeType contentType="image/x-portable-graymap" extensions="pgm"/>
    <mimeType contentType="image/x-portable-pixmap" extensions="ppm"/>
    <mimeType contentType="image/x-rgb" extensions="rgb"/>
    <mimeType contentType="image/x-xbitmap" extensions="xbm"/>
    <mimeType contentType="image/x-xpixmap" extensions="xpm"/>
    <mimeType contentType="image/x-xwindowdump" extensions="xwd"/>
    <mimeType contentType="message/rfc822" extensions="eml;mime"/>
    <mimeType contentType="model/iges" extensions="igs;iges"/>
    <mimeType contentType="model/mesh" extensions="msh;mesh;silo"/>
    <mimeType contentType="model/vnd.dwf" extensions="dwf"/>
    <mimeType contentType="model/vnd.gdl" extensions="gdl"/>
    <mimeType contentType="model/vnd.gtw" extensions="gtw"/>
    <mimeType contentType="model/vnd.mts" extensions="mts"/>
    <mimeType contentType="model/vnd.vtu" extensions="vtu"/>
    <mimeType contentType="model/vrml" extensions="wrl;vrml"/>
    <mimeType compressible="true" contentType="text/calendar" extensions="ics;ifb"/>
    <mimeType compressible="true" contentType="text/css" extensions="css"/>
    <mimeType compressible="true" contentType="text/csv" extensions="csv"/>
    <mimeType compressible="true" contentType="text/html" extensions="html;htm;shtml;shtm" parsable="true"/>
    <mimeType compressible="true" contentType="text/plain" extensions="txt;text;conf;def;list;log;in"/>
    <mimeType compressible="true" contentType="text/cache-manifest" extensions="mf;manifest"/>
    <mimeType compressible="true" contentType="text/prs.lines.tag" extensions="dsc"/>
    <mimeType compressible="true" contentType="text/richtext" extensions="rtx"/>
    <mimeType compressible="true" contentType="text/sgml" extensions="sgml;sgm"/>
    <mimeType compressible="true" contentType="text/tab-separated-values" extensions="tsv"/>
    <mimeType compressible="true" contentType="text/troff" extensions="t;tr;roff;man;me;ms"/>
    <mimeType compressible="true" contentType="text/uri-list" extensions="uri;uris;urls"/>
    <mimeType compressible="true" contentType="text/vnd.fly" extensions="fly"/>
    <mimeType compressible="true" contentType="text/vnd.fmi.flexstor" extensions="flx"/>
    <mimeType compressible="true" contentType="text/vnd.in3d.3dml" extensions="3dml"/>
    <mimeType compressible="true" contentType="text/vnd.in3d.spot" extensions="spot"/>
    <mimeType compressible="true" contentType="text/vnd.sun.j2me.app-descriptor" extensions="jad"/>
    <mimeType compressible="true" contentType="text/vnd.wap.wml" extensions="wml" parsable="true"/>
    <mimeType compressible="true" contentType="text/vnd.wap.wmlscript" extensions="wmls"/>
    <mimeType compressible="true" contentType="text/x-asm" extensions="s;asm"/>
    <mimeType compressible="true" contentType="text/x-c" extensions="c;cc;cxx;cpp;h;hh;dic"/>
    <mimeType compressible="true" contentType="text/x-fortran" extensions="f;for;f77;f90"/>
    <mimeType compressible="true" contentType="text/x-java-source" extensions="java"/>
    <mimeType compressible="true" contentType="text/x-pascal" extensions="p;pas"/>
    <mimeType compressible="true" contentType="text/x-setext" extensions="etx"/>
    <mimeType compressible="true" contentType="text/x-uuencode" extensions="uu"/>
    <mimeType compressible="true" contentType="text/x-vcalendar" extensions="vcs"/>
    <mimeType compressible="true" contentType="text/x-vcard" extensions="vcf"/>
    <mimeType contentType="video/3gpp" extensions="3gp"/>
    <mimeType contentType="video/3gpp2" extensions="3g2"/>
    <mimeType contentType="video/h261" extensions="h261"/>
    <mimeType contentType="video/h263" extensions="h263"/>
    <mimeType contentType="video/h264" extensions="h264"/>
    <mimeType contentType="video/jpeg" extensions="jpgv"/>
    <mimeType contentType="video/jpm" extensions="jpm;jpgm"/>
    <mimeType contentType="video/mj2" extensions="mj2;mjp2"/>
    <mimeType contentType="video/mp4" extensions="mp4;mp4v;mpg4;m4v"/>
    <mimeType contentType="video/mpeg" extensions="mpeg;mpg;mpe;m1v;m2v"/>
    <mimeType contentType="video/quicktime" extensions="qt;mov"/>
    <mimeType contentType="video/vnd.fvt" extensions="fvt"/>
    <mimeType contentType="video/vnd.mpegurl" extensions="mxu;m4u"/>
    <mimeType contentType="video/vnd.vivo" extensions="viv"/>
    <mimeType contentType="video/x-fli" extensions="fli"/>
    <mimeType contentType="video/x-ms-asf" extensions="asf;asx"/>
    <mimeType contentType="video/x-ms-wm" extensions="wm"/>
    <mimeType contentType="video/x-ms-wmv" extensions="wmv"/>
    <mimeType contentType="video/x-ms-wmx" extensions="wmx"/>
    <mimeType contentType="video/x-ms-wvx" extensions="wvx"/>
    <mimeType contentType="video/x-msvideo" extensions="avi"/>
    <mimeType contentType="video/x-sgi-movie" extensions="movie"/>
    <mimeType contentType="x-conference/x-cooltalk" extensions="ice"/>
  </mimeTypes>
</preferences>
