<?xml version="1.0" encoding="UTF-8"?>

<root>

    <toolbar version="1">

        <object kind="tab" condition="source">
            <item text="Source" id="source" cmd="GotoSource" selected="true"
                icon="Images/toolbar/common/tiny/source.png"/>
            <item text="Design" id="design" cmd="GotoDesign"
                icon="Images/toolbar/common/tiny/design.png"/>
        </object>

        <object kind="space" condition="source" width="250" absolute="true"/>

        <object kind="button" id="save" title=":xliff:Buttons_save" cmd="Save"
            icon="Images/toolbar/common/standard/save.png"/>

        <object kind="separator"/>

<!--
        <object kind="button" id="runProject" title=":xliff:Button_project" cmd="RunProject"
            tips="Run Project" icon="Images/toolbar/common/standard/runProject.png"/>
-->
      
        <object kind="button" id="RunMethod" title=":xliff:Button_file" cmd="RunEditorFile"
            tips="Run File" icon="Images/toolbar/common/standard/runFile.png"/>

        <object kind="separator"/>

        <object kind="button" id="moveup" title=":xliff:menu_MoveSelectionUp" cmd="MoveSelectionUp"
            icon="Images/toolbar/codeEditor/standard/moveUp.png" enabled="false"/>

        <object kind="button" id="movedown" title=":xliff:menu_MoveSelectionDown"
            cmd="MoveSelectionDown" icon="Images/toolbar/codeEditor/standard/moveDown.png"
            enabled="false"/>

        <object kind="separator"/>

        <object kind="button" id="previouserror" title=":xliff:menu_PreviousError"
            cmd="PreviousError" icon="Images/toolbar/codeEditor/standard/previousError.png"
            enabled="false"/>

        <object kind="button" id="nexterror" title=":xliff:menu_NextError" cmd="NextError"
            icon="Images/toolbar/codeEditor/standard/nextError.png" enabled="false"/>

        <object kind="separator"/>

        <object kind="button" id="blocGroup" title=":xliff:Button_bloc" default="Block_Select"
            icon="Images/toolbar/codeEditor/standard/selectBlock.png" style="1">
            <item kind="action" text=":xliff:menu_Block_Select" cmd="Block_Select"
                icon="Images/toolbar/codeEditor/standard/selectBlock.png"/>
            <item kind="action" text=":xliff:menu_Block_MoveToStart" cmd="Block_MoveToStart"
                icon="Images/toolbar/codeEditor/standard/startBlock.png"/>
            <item kind="action" text=":xliff:menu_Block_MoveToEnd" cmd="Block_MoveToEnd"
                icon="Images/toolbar/codeEditor/standard/endBlock.png"/>
        </object>

        <object kind="button" id="blocSelect" title=":xliff:menu_Block_Select" cmd="Block_Select"
            enabled="false" icon="Images/toolbar/codeEditor/standard/selectBlock.png"/>

        <object kind="button" id="blocStart" title=":xliff:menu_Block_MoveToStart" enabled="false"
            cmd="Block_MoveToStart" icon="Images/toolbar/codeEditor/standard/startBlock.png"/>

        <object kind="button" id="blocEnd" title=":xliff:menu_Block_MoveToEnd" cmd="Block_MoveToEnd"
            enabled="false" icon="Images/toolbar/codeEditor/standard/endBlock.png"/>

        <object kind="separator"/>

        <object kind="button" id="bookmarkGroup" title=":xliff:Button_bookmark"
            default="ToggleBookmark" icon="Images/toolbar/codeEditor/standard/toggleBookmark.png"
            style="1">
            <item kind="action" text=":xliff:menu_ToggleBookmark" cmd="ToggleBookmark"
                icon="Images/toolbar/codeEditor/standard/bookmark.png"/>
            <item kind="action" text=":xliff:menu_GotoNextBookmark" cmd="GotoNextBookmark"
                icon="Images/toolbar/codeEditor/standard/gotoNextBookmark.png"/>
            <item kind="action" text=":xliff:menu_GotoPreviousBookmark" cmd="GotoPreviousBookmark"
                icon="Images/toolbar/codeEditor/standard/gotoPreviousBookmark.png"/>
            <item kind="separator"/>
            <item kind="action" text=":xliff:menu_RemoveAllBookmark" cmd="RemoveAllBookmark"
                icon="Images/toolbar/codeEditor/standard/removeAllBookmark.png"/>
        </object>

        <object kind="button" id="toggleBookmark" title=":xliff:menu_ToggleBookmark" enabled="false"
            cmd="ToggleBookmark" icon="Images/toolbar/codeEditor/standard/toggleBookmark.png"/>

        <object kind="button" id="previousBookmark" title=":xliff:menu_GotoPreviousBookmark"
            enabled="false" cmd="GotoPreviousBookmark"
            icon="Images/toolbar/codeEditor/standard/gotoPreviousBookmark.png"/>

        <object kind="button" id="nextBookmark" title=":xliff:menu_GotoNextBookmark" enabled="false"
            cmd="GotoNextBookmark" icon="Images/toolbar/codeEditor/standard/gotoNextBookmark.png"/>

        <object kind="button" id="removeAllBookmark" title=":xliff:menu_RemoveAllBookmark"
            enabled="false" cmd="RemoveAllBookmark"
            icon="Images/toolbar/codeEditor/standard/removeAllBookmark.png"/>

        <object kind="separator"/>

        <object kind="button" id="fold" title=":xliff:Button_collapse" popup="1"
            icon="Images/toolbar/codeEditor/standard/fold.png">
            <item kind="action" text=":xliff:menu_Fold_Selection" cmd="Fold_Selection"/>
            <item kind="action" text=":xliff:menu_Fold_CurrentLevel" cmd="Fold_CurrentLevel"/>
            <item kind="action" text=":xliff:menu_Fold_All" cmd="Fold_All"/>
        </object>

        <object kind="button" id="unfold" title=":xliff:Button_expand" popup="1"
            icon="Images/toolbar/codeEditor/standard/unfold.png">
            <item kind="action" text=":xliff:menu_Unfold_Selection" cmd="Unfold_Selection"/>
            <item kind="action" text=":xliff:menu_Unfold_CurrentLevel" cmd="Unfold_CurrentLevel"/>
            <item kind="action" text=":xliff:menu_Unfold_All" cmd="Unfold_All"/>
        </object>

        <object kind="separator"/>

        <object kind="button" id="comments" title=":xliff:Button_comments" cmd="CommentUncomment"
            icon="Images/toolbar/codeEditor/standard/comments.png"/>

        <object kind="separator"/>

        <object kind="button" id="find" title=":xliff:Button_find" cmd="Find"
            icon="Images/toolbar/common/standard/find.png"/>
        <!--
        <object kind="button" id="display" title=":xliff:Button_display" popup="2" in-menu="false"
            icon="Images/toolbar/common/standard/display.png">
            <item kind="_options" text=":xliff:Toolbar_options_toolbarPreferences"/>
            <item kind="separator"/>
            <item kind="_content" text=":xliff:Toolbar_options_toolbarContent"/>
        </object>
        -->
        <object kind="plugins-list"/>

        <object kind="flexible-space"/>

        <object kind="button" id="jump-ui" type="toolbar-button" condition="gui.script" title=""
            cmd="OpenWebEditor" in-menu="false" width="35" tips="Open Page"
            icon="Images/toolbar/common/tiny/page.png"/>

        <object kind="button" id="jump-em" type="toolbar-button" condition="em.script" title=""
            cmd="OpenWebEditor" in-menu="false" width="35" tips="Open Model"
            icon="Images/toolbar/common/tiny/catalog.png"/>

        <object kind="button" id="outline" type="toolbar-button" cmd="ViewOutline" active="true"
            in-menu="false" tips="Show/Hide outline" width="36"
            icon="Images/toolbar/common/tiny/panel.png"/>

        <object kind="button" id="action" type="toolbar-button" popup="1" in-menu="false"
            tips="Actions menu" width="35" icon="Images/toolbar/common/tiny/action.png">
            <item kind="action" text="Save" cmd="Save"/>
            <item kind="action" text="Run" cmd="RunEditorFile"/>
            <item kind="menu" text=":xliff:menu_Edit">
                <item kind="action" text=":xliff:menu_Undo" cmd="Undo"/>
                <item kind="action" text=":xliff:menu_Redo" cmd="Redo"/>
                <item kind="separator"/>
                <item kind="action" text=":xliff:menu_Cut" cmd="Cut"/>
                <item kind="action" text=":xliff:menu_Copy" cmd="Copy"/>
                <item kind="action" text=":xliff:menu_Paste" cmd="Paste"/>
                <item kind="action" text=":xliff:menu_Clear" cmd="Clear"/>
                <item kind="action" text="Select All" cmd="SelectAll"/>
                <item kind="separator"/>
                <item kind="action" text=":xliff:menu_MoveSelectionUp" cmd="MoveSelectionUp"/>
                <item kind="action" text=":xliff:menu_MoveSelectionDown" cmd="MoveSelectionDown"/>
                <item kind="action" text="Shift Selection Left" cmd="ShiftSelectionLeft"/>
                <item kind="action" text="Shift Selection Right" cmd="ShiftSelectionRight"/>
                <item kind="separator"/>
                <item kind="action" text="Lowercase" cmd="Case_LowerCase"/>
                <item kind="action" text="Uppercase" cmd="Case_UpperCase"/>
                <item kind="action" text="camel Case" cmd="Case_CamelCaseLower"/>
                <item kind="action" text="Camel Case" cmd="Case_CamelCaseUpper"/>
                <item kind="separator"/>
                <item kind="action" text="Locked Lines" cmd="LockUnlock"/>
                <item kind="action" text="Comment/Uncomment" cmd="CommentUncomment"/>
            </item>
            <item kind="menu" text="Tabs">
                <item kind="action" text="Tabify Selection" cmd="Tabify"/>
                <item kind="action" text="Untabify Selection" cmd="Untabify"/>
                <item kind="separator"/>
                <item kind="action" text="Set Tab Size..." cmd="TabSizeDialog"/>
                <item kind="action" text="Insert Spaces" cmd="InsertSpaces"/>
            </item>
            <item kind="menu" text="Navigation">
                <item kind="action" text="Goto Definition..." cmd="GotoDefinition"/>
                <item kind="action" text="Find References..." cmd="SearchReferences"/>
                <item kind="separator"/>
                <item kind="action" text="Goto Line..." cmd="GotoLine"/>
                <item kind="separator"/>
                <item kind="action" text=":xliff:menu_PreviousError" cmd="PreviousError"/>
                <item kind="action" text=":xliff:menu_NextError" cmd="NextError"/>
                <item kind="separator"/>
                <item kind="action" text=":xliff:menu_ToggleBookmark" cmd="ToggleBookmark"/>
                <item kind="action" text=":xliff:menu_GotoPreviousBookmark"
                    cmd="GotoPreviousBookmark"/>
                <item kind="action" text=":xliff:menu_GotoNextBookmark" cmd="GotoNextBookmark"/>
            </item>
            <item kind="menu" text="View">
                <!--                <item kind="action" text=":xliff:Ce_toolbarmenu_showStatusBar" cmd="ViewStatusBar"/>-->
                <item kind="action" text=":xliff:Ce_toolbarmenu_showOutlinePanel" cmd="ViewOutline"/>
                <item kind="separator"/>
                <item kind="action" text="Line Numbers" cmd="ViewLineNumbers"/>
                <item kind="action" text="Search String" cmd="ViewSearchString"/>
                <item kind="action" text="White Spaces" cmd="ViewWhiteSpaces"/>
                <item kind="separator"/>
                <item kind="action" text="Edit Background Color..." cmd="EditorSelectBackColor"/>
                <item kind="action" text="Edit Caret Line Color..."
                    cmd="EditorSelectCursorLineColor"/>
                <item kind="action" text="Edit Hilite Color..." cmd="EditorSelectHiliteBackColor"/>
                <item kind="action" text="Edit Suggestion Text Color..."
                    cmd="EditorSelectSuggestionColor"/>
                <item kind="separator"/>
                <item kind="font menu" text="Font"/>
                <item kind="action" text="Bigger Font" cmd="ViewBiggerFont"/>
                <item kind="action" text="Smaller Font" cmd="ViewSmallerFont"/>
            </item>
            <item kind="menu" text="Matching Parenthesis Hilite">
                <item kind="action" text="None" cmd="MatchingParenthesisNone"/>
                <item kind="action" text="Box" cmd="MatchingParenthesisBox"/>
                <item kind="action" text="Bold" cmd="MatchingParenthesisBold"/>
                <item kind="action" text="Back Color" cmd="MatchingParenthesisBackColor"/>
                <item kind="separator"/>
                <item kind="action" text="Edit Bold Color..." cmd="EditMatchingParenthesisBoldColor"/>
                <item kind="action" text="Edit Back Color" cmd="EditMatchingParenthesisBackColor"/>
            </item>
            <item kind="menu" text="Find">
                <item kind="action" text="Find..." cmd="Find"/>
                <item kind="action" text="Find in Files..." cmd="FindInFiles"/>
                <item kind="separator"/>
                <item kind="action" text="Find Next" cmd="FindNext"/>
                <item kind="action" text="Find Previous" cmd="FindPrevious"/>
                <item kind="action" text="Bookmark All" cmd="BookmarkAll"/>
                <item kind="separator"/>
                <item kind="action" text="Find Same Next" cmd="FindSameNext"/>
                <item kind="action" text="Find Same Previous" cmd="FindSamePrevious"/>
                <item kind="separator"/>
                <item kind="action" text="Replace..." cmd="Replace"/>
                <item kind="action" text="Replace Next" cmd="ReplaceNext"/>
                <item kind="action" text="Replace Previous" cmd="ReplacePrevious"/>
                <item kind="action" text="Replace All" cmd="ReplaceAll"/>
            </item>
            <item kind="menu" text=":xliff:Button_bloc">
                <item kind="action" text=":xliff:menu_Block_Select" cmd="Block_Select"/>
                <item kind="action" text=":xliff:menu_Block_MoveToStart" cmd="Block_MoveToStart"/>
                <item kind="action" text=":xliff:menu_Block_MoveToEnd" cmd="Block_MoveToEnd"/>
                <item kind="separator"/>
                <item kind="action" text=":xliff:menu_Fold_CurrentLevel" cmd="Fold_CurrentLevel"/>
                <item kind="action" text=":xliff:menu_Fold_Selection" cmd="Fold_Selection"/>
                <item kind="action" text=":xliff:menu_Fold_All" cmd="Fold_All"/>
                <item kind="separator"/>
                <item kind="action" text=":xliff:menu_Unfold_CurrentLevel" cmd="Unfold_CurrentLevel"/>
                <item kind="action" text=":xliff:menu_Unfold_Selection" cmd="Unfold_Selection"/>
                <item kind="action" text=":xliff:menu_Unfold_All" cmd="Unfold_All"/>
            </item>
            <item kind="menu" text="Encoding">
                <item kind="menu" text="Line Ending">
                    <item kind="action" text="CR-LF (Windows)" cmd="LineEnding_CRLF"/>
                    <item kind="action" text="CR (Macintosh)" cmd="LineEnding_CR"/>
                    <item kind="action" text="LF (Unix)" cmd="LineEnding_LF"/>
                </item>
                <item kind="separator"/>
                <item kind="menu" text="Unicode">
                    <item kind="action" text="UTF-7" cmd="Encoding_UTF_7"/>
                    <item kind="action" text="UTF-8" cmd="Encoding_UTF_8"/>
                    <item kind="action" text="UTF-16 (Big-Endian)" cmd="Encoding_UTF_16_BIGENDIAN"/>
                    <item kind="action" text="UTF-16 (Small-Endian)"
                        cmd="Encoding_UTF_16_SMALLENDIAN"/>
                    <item kind="action" text="UTF-32 (Big-Endian)" cmd="Encoding_UTF_32_BIGENDIAN"/>
                    <item kind="action" text="UTF-16 (Small-Endian)"
                        cmd="Encoding_UTF_32_SMALLENDIAN"/>
                </item>
                <item kind="menu" text="Macintosh">
                    <item kind="action" text="Roman (Macintosh)" cmd="Encoding_MAC_ROMAN"/>
                    <item kind="action" text="Central Europe (Macintosh)"
                        cmd="Encoding_MAC_CENTRALEUROPE"/>
                    <item kind="action" text="Cyrillic (Macintosh)" cmd="Encoding_MAC_CYRILLIC"/>
                    <item kind="action" text="Greek (Macintosh)" cmd="Encoding_MAC_GREEK"/>
                    <item kind="action" text="Turkish (Macintosh)" cmd="Encoding_MAC_TURKISH"/>
                    <item kind="action" text="Arabic (Macintosh)" cmd="Encoding_MAC_ARABIC"/>
                    <item kind="action" text="Hebrew (Macintosh)" cmd="Encoding_MAC_HEBREW"/>
                    <item kind="action" text="Baltic (Macintosh)" cmd="Encoding_MAC_BALTIC"/>
                    <item kind="action" text="Chinese Simplified (Macintosh)"
                        cmd="Encoding_MAC_CHINESE_SIMP"/>
                    <item kind="action" text="Chinese Traditional (Macintosh)"
                        cmd="Encoding_MAC_CHINESE_TRAD"/>
                </item>
                <item kind="menu" text="Windows">
                    <item kind="action" text="Roman (Windows-1252)" cmd="Encoding_WIN_ROMAN"/>
                    <item kind="action" text="Central Europe (Windows-1250)"
                        cmd="Encoding_WIN_CENTRALEUROPE"/>
                    <item kind="action" text="Cyrillic (Windows-1251)" cmd="Encoding_WIN_CYRILLIC"/>
                    <item kind="action" text="Greek (Windows-1253)" cmd="Encoding_WIN_GREEK"/>
                    <item kind="action" text="Turkish (Windows-1254)" cmd="Encoding_WIN_TURKISH"/>
                    <item kind="action" text="Arabic (Windows-1256)" cmd="Encoding_WIN_ARABIC"/>
                    <item kind="action" text="Hebrew (Windows-1255)" cmd="Encoding_WIN_HEBREW"/>
                    <item kind="action" text="Baltic (Windows-1257)" cmd="Encoding_WIN_BALTIC"/>
                    <item kind="action" text="Chinese Simplified (Windows-936)"
                        cmd="Encoding_WIN_CHINESE_SIMP"/>
                    <item kind="action" text="Chinese Traditional (Windows-950)"
                        cmd="Encoding_WIN_CHINESE_TRAD"/>
                </item>
                <item kind="menu" text="ISO">
                    <item kind="action" text="ISO-8859-1" cmd="Encoding_ISO_8859_1"/>
                    <item kind="action" text="ISO-8859-2" cmd="Encoding_ISO_8859_2"/>
                    <item kind="action" text="ISO-8859-3" cmd="Encoding_ISO_8859_3"/>
                    <item kind="action" text="ISO-8859-4" cmd="Encoding_ISO_8859_4"/>
                    <item kind="action" text="ISO-8859-5" cmd="Encoding_ISO_8859_5"/>
                    <item kind="action" text="ISO-8859-6" cmd="Encoding_ISO_8859_6"/>
                    <item kind="action" text="ISO-8859-7" cmd="Encoding_ISO_8859_7"/>
                    <item kind="action" text="ISO-8859-8" cmd="Encoding_ISO_8859_8"/>
                    <item kind="action" text="ISO-8859-9" cmd="Encoding_ISO_8859_9"/>
                    <item kind="action" text="ISO-8859-10" cmd="Encoding_ISO_8859_10"/>
                    <item kind="action" text="ISO-8859-13" cmd="Encoding_ISO_8859_13"/>
                    <item kind="action" text="ISO-8859-15" cmd="Encoding_ISO_8859_15"/>
                    <item kind="action" text="ISO-2022-JP" cmd="Encoding_JIS"/>
                </item>
                <item kind="menu" text="Others">
                    <item kind="action" text="US-ASCII" cmd="Encoding_US_ASCII"/>
                    <item kind="action" text="US_EBCDIC" cmd="Encoding_US_EBCDIC"/>
                    <item kind="action" text="IBM437" cmd="Encoding_IBM437"/>
                    <item kind="action" text="Shift-JIS" cmd="Encoding_SHIFT_JIS"/>
                    <item kind="action" text="Big5" cmd="Encoding_BIG5"/>
                    <item kind="action" text="EUC-KR" cmd="Encoding_EUC_KR"/>
                    <item kind="action" text="KOI8-R" cmd="Encoding_KOI8R"/>
                    <item kind="action" text="GB2312" cmd="Encoding_GB2312"/>
                    <item kind="action" text="GB2312-80" cmd="Encoding_GB2312_80"/>
                </item>
            </item>
            <item kind="menu" text="Automatic Insertion">
                <item kind="action" text="Tabs" cmd="AutoInsertTabs"/>
                <item kind="action" text="Blocks" cmd="AutoInsertBlocks"/>
                <item kind="action" text="Closing chars" cmd="AutoInsertClosingChars"/>
            </item>
        </object>

    </toolbar>

</root>
