<?xml version="1.0" encoding="UTF-8"?>
<root>

    <toolbar version="1">

        <object kind="button" id="continue" title="Continue" cmd="Continue"
            icon="Images/toolbar/debugger/standard/continue.png"/>

        <object kind="button" id="pause" title="Pause" cmd="Pause"
            icon="Images/toolbar/debugger/standard/pause.png"/>

        <object kind="button" id="abort" title="Abort" cmd="Abort"
            icon="Images/toolbar/debugger/standard/abort.png"/>

        <object kind="separator"/>

        <object kind="button" id="stepInto" title="Step Into" cmd="StepInto"
            icon="Images/toolbar/debugger/standard/stepInto.png"/>

        <object kind="button" id="stepOver" title="Step Over" cmd="StepOver"
            icon="Images/toolbar/debugger/standard/stepOver.png"/>

        <object kind="button" id="stepOut" title="Step Out" cmd="StepOut"
            icon="Images/toolbar/debugger/standard/stepOut.png"/>

        <object kind="flexible-space"/>

        <object kind="button" id="bloc" title=":xliff:Button_bloc" default="Block_Select"
            icon="Images/toolbar/codeEditor/standard/selectBlock.png">
            <item kind="action" text=":xliff:menu_Block_Select" cmd="Block_Select"
                icon="Images/toolbar/codeEditor/standard/selectBlock.png"/>
            <item kind="action" text=":xliff:menu_Block_MoveToStart" cmd="Block_MoveToStart"
                icon="Images/toolbar/codeEditor/standard/startBlock.png"/>
            <item kind="action" text=":xliff:menu_Block_MoveToEnd" cmd="Block_MoveToEnd"
                icon="Images/toolbar/codeEditor/standard/endBlock.png"/>
        </object>

        <object kind="separator"/>

        <object kind="button" id="fold" title=":xliff:Button_collapse" popup="1"
            icon="Images/toolbar/codeEditor/standard/fold.png">
            <item kind="action" text=":xliff:menu_Fold_Selection" cmd="Fold_Selection"/>
            <item kind="action" text=":xliff:menu_Fold_CurrentLevel" cmd="Fold_CurrentLevel"/>
            <item kind="action" text=":xliff:menu_Fold_All" cmd="Fold_All"/>
        </object>

        <object kind="button" id="unfold" title=":xliff:Button_expand" popup="1"
            icon="Images/toolbar/codeEditor/standard/unfold.png">
            <item kind="action" text=":xliff:menu_Unfold_Selection" cmd="Unfold_Selection"/>
            <item kind="action" text=":xliff:menu_Unfold_CurrentLevel" cmd="Unfold_CurrentLevel"/>
            <item kind="action" text=":xliff:menu_Unfold_All" cmd="Unfold_All"/>
        </object>

        <object kind="separator"/>

        <object kind="button" id="find" title=":xliff:Button_find" cmd="Find"
            icon="Images/toolbar/common/standard/find.png"/>
        <!--
        <object kind="button" id="display" title=":xliff:Button_display" popup="2" in-menu="false"
            icon="Images/toolbar/common/standard/display.png">
            <item kind="_options" text=":xliff:Toolbar_options_toolbarPreferences"/>
            <item kind="separator"/>
            <item kind="_content" text=":xliff:Toolbar_options_toolbarContent"/>
        </object>
        -->
    </toolbar>

    <menus>

        <menu id="action">
            <menu kind="menu" text="Edit">
                <item kind="action" text="Undo" cmd="Undo"/>
                <item kind="action" text="Redo" cmd="Redo"/>
                <separator/>
                <item kind="action" text="Cut" cmd="Cut"/>
                <item kind="action" text="Copy" cmd="Copy"/>
                <item kind="action" text="Paste" cmd="Paste"/>
                <item kind="action" text="Clear" cmd="Clear"/>
                <separator/>
                <item kind="action" text="Select All" cmd="SelectAll"/>
            </menu>
            <menu kind="menu" text="Navigation">
                <item kind="action" text="Goto Definition..." cmd="GotoDefinition"/>
                <item kind="action" text="Search References..." cmd="SearchReferences"/>
                <separator/>
                <item kind="action" text="Goto Line..." cmd="GotoLine"/>
                <separator/>
                <item kind="action" text=":xliff:menu_ToggleBookmark" cmd="ToggleBookmark"/>
                <item kind="action" text="Next Bookmark" cmd="GotoNextBookmark"/>
                <item kind="action" text="Previous Bookmark" cmd="GotoPreviousBookmark"/>
            </menu>
            <menu kind="menu" text="View">
                <item kind="action" text="Line Numbers" cmd="ViewLineNumbers"/>
                <item kind="action" text="White Spaces" cmd="ViewWhiteSpaces"/>
                <item kind="separator"/>
                <item kind="action" text="Bigger Font" cmd="ViewBiggerFont"/>
                <item kind="action" text="Smaller Font" cmd="ViewSmallerFont"/>
            </menu>
            <menu kind="menu" text="Find">
                <item kind="action" text="Find..." cmd="FindInFiles"/>
                <separator/>
                <item kind="action" text="Find Next" cmd="FindNext"/>
                <item kind="action" text="Find Previous" cmd="FindPrevious"/>
                <item kind="action" text="Bookmark All" cmd="BookmarkAll"/>
                <separator/>
                <item kind="action" text="Find Same Next" cmd="FindSameNext"/>
                <item kind="action" text="Find Same Previous" cmd="FindSamePrevious"/>
            </menu>
            <menu kind="menu" text="Block">
                <item kind="action" text="Select Block" cmd="Block_Select"/>
                <item kind="action" text="Start of Block" cmd="Block_MoveToStart"/>
                <item kind="action" text="End of Block" cmd="Block_MoveToEnd"/>
                <separator/>
                <item kind="action" text="Collapse Current Level" cmd="Fold_CurrentLevel"/>
                <item kind="action" text="Collapse Selection" cmd="Fold_Selection"/>
                <item kind="action" text="Collapse All" cmd="Fold_All"/>
                <separator/>
                <item kind="action" text="Expand Current Level" cmd="Unfold_CurrentLevel"/>
                <item kind="action" text="Expand Selection" cmd="Unfold_Selection"/>
                <item kind="action" text="Expand All" cmd="Unfold_All"/>
            </menu>
        </menu>

    </menus>

</root>
