<?xml version="1.0" encoding="UTF-8"?>

<root>

    <toolbar version="1">

        <object kind="tab">
            <item text="Source" id="source" cmd="GotoSource"
                icon="Images/toolbar/common/tiny/source.png"/>
            <item text="Design" id="design" cmd="GotoDesign" selected="true"
                icon="Images/toolbar/common/tiny/design.png"/>
        </object>

        <object kind="space" width="250" absolute="true"/>

        <object kind="button" id="save" title="Save" cmd="Save"
            icon="Images/toolbar/common/standard/save.png"/>

<!--
        <object kind="button" id="runProject" title="Run Project" cmd="RunProject"
            icon="Images/toolbar/common/standard/runProject.png"/>
 -->
      
      <object kind="button" id="reload" title="Reload Model" cmd="EMReloadCatalog"
            icon="Images/toolbar/solutionManager/standard/reloadCatalog.png"/>

        <object kind="separator"/>

        <object kind="button" id="new" title="New" popup="2"
            icon="Images/toolbar/common/standard/new.png" enabled="false">
            <item kind="action" text="Class" cmd="EMNewEntityModel" active="true"
                icon="Images/toolbar/entityModelEditor/standard/newEntityModel.png"/>
            <item kind="separator"/>
            <item kind="action" text="Attribute" cmd="EMNewAttribute" active="true"
                icon="Images/toolbar/entityModelEditor/standard/newAttribute.png"/>
            <!-- <item kind="action" text="Method" cmd="EMNewMethod" active="true"
           icon="Images/toolbar/entityModelEditor/standard/newMethod.png"/>-->
            <item kind="action" text="Method applied to a Class" cmd="EMNewClassMethod"
                icon="Images/toolbar/entityModelEditor/standard/newMethod.png"/>
            <item kind="action" text="Method applied to an Entity" cmd="EMNewEntityMethod"
                icon="Images/toolbar/entityModelEditor/standard/newMethod.png"/>
            <item kind="action" text="Method applied to a Collection" cmd="EMNewCollectionMethod"
                icon="Images/toolbar/entityModelEditor/standard/newMethod.png"/>
            <!--<item kind="action" text="Type" cmd="EMNewType" active="true"
                icon="Images/toolbar/entityModelEditor/standard/newType.png"/>-->
        </object>

        <object kind="button" id="newEntity" title="New Class" cmd="EMNewEntityModel" active="true"
            icon="Images/toolbar/entityModelEditor/standard/newEntityModel.png"/>

        <object kind="button" id="newAttribute" title="New Attribute" cmd="EMNewAttribute"
            active="true" icon="Images/toolbar/entityModelEditor/standard/newAttribute.png"/>

        <object kind="button" id="newMethod" title="New Method" active="true" popup="1"
            icon="Images/toolbar/entityModelEditor/standard/newMethod.png">
            <item kind="action" text="Applied to a Class" cmd="EMNewClassMethod"/>
            <item kind="action" text="Applied to an Entity" cmd="EMNewEntityMethod"/>
            <item kind="action" text="Applied to a Collection" cmd="EMNewCollectionMethod"/>
        </object>

        <object kind="separator"/>

        <object kind="button" title="Relations" id="relations"
            icon="Images/toolbar/entityModelEditor/standard/relations.png">
            <item kind="action" text="Off" cmd="EMRelationOff"
                icon="Images/toolbar/entityModelEditor/standard/relationOff.png"/>
            <item kind="action" text="See All" cmd="EMRelationSeeAll"
                icon="Images/toolbar/entityModelEditor/standard/relationSeeAll.png"/>
            <item kind="action" text="See from Selected Datastore Class Only"
                cmd="EMRelationSeeSelected"
                icon="Images/toolbar/entityModelEditor/standard/relationOn.png"/>
        </object>

        <object kind="separator"/>

        <object kind="button" id="freeScript" title="Unlock Script" cmd="FreeScript" active="true"
            test="true" icon="Images/toolbar/entityModelEditor/standard/freeScript.png"/>

        <object kind="separator"/>

        <object kind="button" id="display" title="Display" popup="2"
            icon="Images/toolbar/common/standard/display.png" in-menu="false">
            <!-- <item kind="_options" text=":xliff:Toolbar_options_toolbarPreferences"/>
            <item kind="separator"/>
            <item kind="_content" text=":xliff:Toolbar_options_toolbarContent"/>
            <item kind="separator"/>-->
            <item kind="action" text="Toggle Methods" cmd="EMToggleMethods" active="true"/>
            <!--item kind="action" text="Toggle Alias Attributes" cmd="EMToggleFlattenedAttributes"
                active="true"/-->
            <item kind="action" text="Toggle Relation Attributes" cmd="EMToggleRelationAttributes"
                active="true"/>
            <item kind="action" text="Toggle Inherited Attributes" cmd="EMToggleInheritedAttributes"
                active="true"/>
            <item kind="action" text="Toggle Storage Attributes" cmd="EMToggleStorageAttributes"
                active="true"/>
            <item kind="separator"/>
            <item kind="action" text="Close All Datastore Classes" cmd="EMCloseAllPanels"
                active="true"/>
        </object>

        <object kind="flexible-space"/>

        <object kind="button" id="script" title="" type="toolbar-button" cmd="OpenScripts"
            in-menu="false" width="35" tips="Open Scripts"
            icon="Images/toolbar/common/tiny/script.png"/>

        <object kind="button" id="panel" title="" type="toolbar-button" cmd="EMToggleBothLayouts"
            active="true" in-menu="false" width="35" icon="Images/toolbar/common/tiny/panel.png"/>

        <!--
        <object kind="zoom" id="zoom" cmd="setZoom" active="true">
            <item text="50%" cmd="setZoom50" active="true"/>
            <item text="100%" cmd="setZoom100" active="true" default="true"/>
            <item text="200%" cmd="setZoom200" active="true"/>        
        </object> 
        -->

    </toolbar>

</root>
