<?xml version="1.0" encoding="UTF-8"?>

<root>

    <toolbar version="1">

        <!-- settings -->
        <object kind="tab" condition="settings">
            <item text="Source" id="source" cmd="GotoSource"
                icon="Images/toolbar/common/tiny/source.png"/>
            <item text="Editor" id="design" cmd="GotoDesign" selected="true"
                icon="Images/toolbar/common/tiny/design.png"/>
        </object>
        <!-- /settings -->

        <!-- directory -->
        <object kind="tab" condition="directory" static="true">
            <item text="Users" id="user" cmd="GotoUsers" selected="true"
                icon="Images/toolbar/common/tiny/user.png"/>
            <item text="Groups" id="group" cmd="GotoGroups"
                icon="Images/toolbar/common/tiny/group.png"/>
        </object>

        <object kind="space" condition="directory"/>
        <!-- /directory -->

        <object kind="button" id="save" title=":xliff:Buttons_save" cmd="Save"
            icon="Images/toolbar/common/standard/save.png"/>

        <object kind="separator"/>

        <!-- directory -->
        <object kind="button" condition="directory" id="newUAG" title="New" cmd="NewUAG"
            tips="Add an item" icon="Images/toolbar/common/standard/newFile.png"/>

        <object kind="button" condition="directory" id="deleteUAG" title="Remove" cmd="RemoveUAG"
            tips="Remove selected" icon="Images/toolbar/common/standard/delete.png"/>

        <object kind="separator" condition="directory"/>

        <object kind="button" condition="directory" id="directoryView" cmd="DirectoryView"
            switch="1" auto="true" title="Thumbnails" title-switch="List"
            tips="Switch to Thumbnails View" tips-switch="Switch to List View"
            icon="Images/toolbar/common/standard/iconView.png"
            icon-switch="Images/toolbar/common/standard/listView.png"/>
        <!-- /directory -->

        <!-- Shortcuts -->
        <object kind="button" condition="shortcuts" id="factoryShortcuts" title="Restore Shortcuts"
            cmd="FactoryShortcuts" tips="Restore default shortcuts"
            icon="Images/toolbar/common/standard/delete.png"/>
        <!-- /Shortcuts -->

        <!--
        <object kind="separator"/>
        <object kind="button" id="display" title=":xliff:Button_display" popup="2" in-menu="false"
            icon="Images/toolbar/common/standard/display.png">
            <item kind="_options" text=":xliff:Toolbar_options_toolbarPreferences"/>
            <item kind="separator"/>
            <item kind="_content" text=":xliff:Toolbar_options_toolbarContent"/>
        </object>
        -->
        <!-- directory -->
        <!-- <object kind="flexible-space" condition="directory"/>

        <object kind="button" id="outline" cmd="ViewOutline" condition="directory" active="true"
            type="rounded-bevel" in-menu="false" tips="Show/Hide outline" width="36"
            icon="Images/toolbar/common/tiny/panel.png"/>-->
        <!-- /directory -->

    </toolbar>

</root>
