<?xml version="1.0" encoding="UTF-8"?>

<root>

    <toolbar version="1">

        <object kind="tab">
            <item text="Source" id="source" cmd="GotoSource"
                icon="Images/toolbar/common/tiny/source.png"/>
            <item text="View" id="design" cmd="GotoDesign" selected="true"
                icon="Images/toolbar/common/tiny/design.png"/>
        </object>

        <object kind="flexible-space"/>

        <object kind="button" id="largest" title="+" type="toolbar-button" cmd="_larger"
            active="true" in-menu="false" width="30"/>

        <object kind="button" id="smaller" title="-" type="toolbar-button" cmd="_smaller"
            active="true" in-menu="false" width="30"/>

        <object kind="space" width="50"/>

        <object kind="button" id="refresh" title="Refresh" type="toolbar-button" cmd="_refresh"
            active="true" in-menu="false" width="60"/>

    </toolbar>

</root>
