<?xml version="1.0" encoding="UTF-8"?>
<root>

    <toolbar version="1">

        <object kind="button" id="new" title=":xliff:Button_new" popup="1"
            icon="Images/toolbar/common/standard/newFile.png" style="1">
            <item kind="action" text="Solution" cmd="NewSolution" active="true"/>
            <item kind="action" text="Project" cmd="NewProject"/>
            <item kind="separator"/>
            <item kind="action" text="Page" cmd="newPage"/>
            <item kind="action" text="Web Component" cmd="newWebComponent"/>
            <item kind="separator"/>
            <item kind="action" text="JS File" cmd="NewJavascript"/>
            <item kind="action" text="JS Module" cmd="NewModule"/>
            <item kind="separator"/>
            <item kind="action" text="Data Folder" cmd="NewDataFolder"/>
            <item kind="separator"/>
            <item kind="action" text="File..." cmd="NewFile"/>
            <item kind="action" text="Folder..." cmd="NewFolder"/>
        </object>

        <object kind="button" id="open" title=":xliff:menu_OpenFile" cmd="OpenFile" active="true"
            icon="Images/toolbar/common/standard/open.png" enabled="false"/>

        <object kind="separator"/>

        <object kind="button" id="edit" title=":xliff:menu_Edit" style="1"
            icon="Images/toolbar/common/standard/edit.png">
            <item kind="action" id="cut" text=":xliff:menu_Cut" cmd="Cut"
                icon="Images/toolbar/common/standard/cut.png"/>
            <item kind="action" id="copy" text=":xliff:menu_Copy" cmd="Copy"
                icon="Images/toolbar/common/standard/copy.png"/>
            <item kind="action" id="paste" text=":xliff:menu_Paste" cmd="Paste"
                icon="Images/toolbar/common/standard/paste.png"/>
            <item kind="action" id="delete" text=":xliff:menu_Clear" cmd="Clear"
                icon="Images/toolbar/common/standard/delete.png"/>
        </object>

        <object kind="separator"/>

        <object kind="button" id="newProject" title="New Project" cmd="newProject" active="true"
            icon="Images/toolbar/solutionManager/standard/newProject.png"/>

        <object kind="button" id="newPage" title="New Page" cmd="newPage"
            icon="Images/toolbar/solutionManager/standard/newGUI.png"/>

        <object kind="button" id="newJavascript" title="New JS" cmd="NewJavascript"
            icon="Images/toolbar/solutionManager/standard/NewJavascript.png"/>

        <object kind="button" id="newModule" title="New JS Module" cmd="NewModule"
            icon="Images/toolbar/solutionManager/standard/NewJavascript.png"/>

        <object kind="separator"/>

        <object kind="button" id="newFile" title="New File" cmd="NewFile" enabled="false"
            icon="Images/toolbar/common/standard/newFile.png"/>

        <object kind="button" id="newFolder" title="New Folder" cmd="NewFolder" enabled="false"
            icon="Images/toolbar/solutionManager/standard/newFolder.png"/>

        <object kind="separator"/>

        <object kind="button" id="catalog" title=":xliff:menu_NewCatalog" cmd="Catalog"
            icon="Images/toolbar/solutionManager/standard/catalog.png"/>

        <object kind="button" id="mainPage" title="Main Page" cmd="mainPage"
            icon="Images/toolbar/solutionManager/standard/mainPage.png"/>

        <object kind="button" id="editDirectory" title="Directory" cmd="EditDirectory"
            icon="Images/toolbar/solutionManager/standard/directory.png"/>

        <object kind="separator"/>

        <object kind="button" id="findInFiles" title="Find in Files" cmd="FindInFiles"
            enabled="true" icon="Images/toolbar/solutionManager/standard/findInFiles.png"/>

        <object kind="separator"/>

        <object kind="button" id="server" cmd="StartWakandaServer" switch="1" title="Start"
            tips="Start Solution Server"
            icon="Images/toolbar/solutionManager/standard/serverStart.png" title-switch="Stop"
            tips-switch="Stop Solution Server"
            icon-switch="Images/toolbar/solutionManager/standard/serverStop.png"/>

        <object kind="button" id="runProject" title="Run Project" cmd="RunProject"
            icon="Images/toolbar/common/standard/runProject.png"/>

        <object kind="button" id="runFile" title="Run File" cmd="RunExplorerFile" enabled="false"
            icon="Images/toolbar/common/standard/runFile.png"/>

        <object kind="separator"/>

        <object kind="button" id="git" title="Git" popup="1"
            icon="Images/toolbar/common/standard/gitSettings.png" style="1">
            <item kind="action" text="Commit locally" cmd="git.gitCommit"/>
            <item kind="separator"/>
            <item kind="action" text="Pull from Remote" cmd="git.gitPull"/>
            <item kind="action" text="Push to Remote" cmd="git.gitPush"/>
            <item kind="separator"/>
			<item kind="action" text="Pull from Solution Server" cmd="git.gitPullFromSolutionServer"/>
            <item kind="action" text="Push to Solution Server" cmd="git.gitPushToSolutionServer"/>
            <item kind="separator"/>
            <item kind="action" text="Git Settings..." cmd="git.doSettings"/>
        </object>

        <object kind="separator"/>

        <object kind="button" id="debuggerGroup" title="Debugger" default="OpenDebugger"
            icon="Images/toolbar/solutionManager/standard/debugger.png" popup="1" style="1">
            <item kind="action" text="Start Debugger" cmd="StartWakandaDebugger"/>
            <item kind="action" text="Open Debugger..." cmd="OpenDebugger"/>
            <item kind="separator"/>
            <item kind="action" text="Enable all Breakpoints" cmd="EnableAllBreakpoints"/>
            <item kind="action" text="Disable all Breakpoints" cmd="DisableAllBreakpoints"/>
            <item kind="separator"/>
            <item kind="action" text="Use Wakanda Debugger" cmd="SwitchToRegularDebugger"/>
            <item kind="action" text="Use Web Remote Debugger" cmd="SwitchToWebInspectorDebugger"/>
        </object>

        <object kind="separator"/>

        <object kind="button" id="reload" title="Reload Models" cmd="ReloadDirtyCatalogs"
            icon="Images/toolbar/solutionManager/standard/reloadCatalog.png"/>

        <object kind="button" id="dataBrowser" title="Data Browser" cmd="DataBrowser"
            icon="Images/toolbar/solutionManager/standard/dataBrowser.png"/>

        <object kind="button" id="admin" title="Administration" cmd="StartWakandaAdmin"
            icon="Images/toolbar/solutionManager/standard/serverAdmin.png"/>

        <object kind="plugins-list"/>

        <object kind="separator"/>

        <object kind="button" id="media" title="Media Library" cmd="ShowMediasLibrary"
            icon="Images/toolbar/solutionManager/standard/medias.png"/>
        
        <object kind="button" id="media" title="Images Folder" cmd="ShowImageFolder"
            icon="Images/toolbar/solutionManager/standard/imagesFolder.png"/>

    </toolbar>

    <menus>

        <menu id="explorer">
            <item text=":xliff:menu_CloseSolution" cmd="CloseSolution"/>
            <separator/>
            <item text=":xliff:menu_SetAsDefaultSolution" cmd="SetAsDefaultSolution"/>
            <item text=":xliff:menu_SetStartServerOnSolutionOpen" cmd="SetStartServerOnSolutionOpen"/>
            <item text=":xliff:menu_SetStopServerOnSolutionClose" cmd="SetStopServerOnSolutionClose"/>
            <item text="Select Solution Server Location..." cmd="SetSolutionServerLocation"/>
            <separator/>
            <item text=":xliff:menu_Rename" cmd="Rename"/>
            <!--            <item text=":xliff:menu_SaveAsTemplate" cmd="SaveAsTemplate"/>-->
            <separator/>
            <item text=":xliff:menu_openInNewWindow" cmd="EditInNewWindow"/>
            <item text=":xliff:menu_openInNewTab" cmd="EditInNewTab"/>
            <separator/>
            <menu text=":xliff:Button_new">
                <item text="Solution" cmd="NewSolution" mode="show"/>
                <item text="Project" cmd="NewProject"/>
                <separator/>
                <item text="Page" cmd="newPage"/>
                <item text="Web Component" cmd="newWebComponent"/>
                <separator/>
                <item text="JS File" cmd="NewJavascript"/>
                <item text="JS Module" cmd="NewModule"/>
                <separator/>
                <item text="Data Folder" cmd="NewDataFolder"/>
                <separator/>
                <item text="File..." cmd="NewFile"/>
                <item text="Folder..." cmd="NewFolder"/>
            </menu>
            <item text=":xliff:menu_AddProject" cmd="AddExistingProject"/>
            <menu text=":xliff:menu_Import">
                <item text=":xliff:menu_NewFolder" cmd="ImportExternalFolder"/>
                <item text=":xliff:menu_NewFile" cmd="ImportExternalFile"/>
            </menu>
			<separator/>
            <item text="Commit" cmd="git.gitCommitSelected"/>
			<menu text="Git Tools">
                <item text="Diff" cmd="git.gitKDiff3"/>
                <item text="Revert" cmd="git.gitRevert"/>
				<separator/>
                <item text="Ignore" cmd="git.gitIgnore"/>
                <item text="Follow" cmd="git.gitFollow"/>
            </menu>
            <separator/>
            <item text=":xliff:menu_Cut" cmd="Cut" mode="show"/>
            <item text=":xliff:menu_Copy" cmd="Copy" mode="show"/>
            <item text=":xliff:menu_Paste" cmd="Paste" mode="show"/>
            <item text=":xliff:menu_Clear" cmd="Clear" mode="show"/>
            <separator/>
            <item text=":xliff:menu_ExcludeFromSolution" cmd="ExcludeFromSolution"/>
            <separator/>
            <item text="Folders on Top" cmd="FoldersFirst"/>
            <item text="Auto Hide Wakanda File Extensions" cmd="HideExtensions"/>
            <item text=":xliff:menu_RevealInFinder" cmd="RevealInFinder"/>
            <item text=":xliff:menu_RevealParentInExplorer" cmd="RevealParentInExplorer"/>
            <separator/>
            <item text="Set as RPC" cmd="SetAsRPC"/>
            <item text="Set as Service" cmd="SetAsService"/>
            <separator/>
            <item text="Set as active Model" cmd="ToggleRole_Model"/>
            <item text="Set as active Settings" cmd="ToggleRole_Setting"/>
            <item text="Set as active Bootstrap" cmd="ToggleRole_Bootstrap"/>
            <item text="Set as active Web Folder" cmd="ToggleRole_WebFolder"/>
            <item text="Set as active Data Folder" cmd="ToggleRole_DataFolder"/>
        </menu>

        <menu id="detail">
            <item text=":xliff:menu_openInNewWindow" cmd="EditInNewWindow"/>
            <item text=":xliff:menu_openInNewTab" cmd="EditInNewTab"/>
            <separator/>
            <item text=":xliff:menu_Cut" cmd="Cut"/>
            <!--mode="show"-->
            <item text=":xliff:menu_Copy" cmd="Copy"/>
            <!--mode="show"-->
            <item text=":xliff:menu_Paste" cmd="Paste"/>
            <!--mode="show"-->
            <item text=":xliff:menu_Clear" cmd="Clear"/>
            <!--mode="show"-->
            <separator/>
            <item text=":xliff:menu_Rename" cmd="Rename"/>
            <separator/>
            <item text=":xliff:menu_RevealInFinder" cmd="RevealInFinder"/>
        </menu>

    </menus>

    <lists>

        <list id="file">
            <column object="icon" title="" fixed="true" width="23" default="true"/>
            <column object="name" title=":xliff:Name" default="true"/>
            <column object="type" title=":xliff:Type"/>
            <column object="modification" title=":xliff:Modification"/>
            <column object="kind" title="_kind"/>
            <column object="id" title="_id"/>
            <column object="stampModification" title="_stampModification"/>
        </list>

        <list id="entity">
            <column object="icon" title="" fixed="true" width="23" default="true"/>
            <column object="ename" title=":xliff:Name" default="true"/>
            <column object="extend" title=":xliff:Extends"/>
            <column object="kind" title="_kind"/>
            <column object="id" title="_id"/>
        </list>

        <list id="attribute">
            <column object="icon" title="" fixed="true" width="23" default="true"/>
            <column object="name" title=":xliff:Name" default="true"/>
            <column object="kind" title=":xliff:Kind"/>
            <column object="type" title=":xliff:Type"/>
            <column object="_kind" title="__kind"/>
            <column object="_id" title="__id"/>
        </list>

    </lists>

</root>
