<?xml version="1.0" encoding="UTF-8"?>

<root>

    <toolbar version="1">

        <object kind="tab">
            <item text="Source" id="source" cmd="GotoSource"
                icon="Images/toolbar/common/tiny/source.png"/>
            <item text="Design" id="design" cmd="GotoDesign" selected="true"
                icon="Images/toolbar/common/tiny/design.png"/>
        </object>

        <object kind="space" width="250" absolute="true"/>

        <object kind="button" id="save" title="Save" cmd="Save"
            icon="Images/toolbar/common/standard/save.png"/>

        <!--
        <object kind="button" id="runProject" title="Run Project" cmd="RunProject"
            tips="Run Project" icon="Images/toolbar/common/standard/runProject.png"/>
-->

        <object kind="button" id="runFile" title="Run File" cmd="RunEditorFile"
            icon="Images/toolbar/common/standard/runFile.png"/>

        <object kind="separator"/>

        <object kind="button" id="newDatasource" title="New Datasource" popup="2"
            icon="Images/toolbar/guiDesigner/standard/createDatasource.png">
            <item kind="action" text="Datastore Class" cmd="GUINewDataSourceEntityModel"
                active="true" icon="Images/toolbar/guiDesigner/standard/createEntityModel.png"/>
            <item kind="action" text="Relation Attribute" cmd="GUINewDataSourceRelatedEntityModel"
                active="true"
                icon="Images/toolbar/guiDesigner/standard/createRelatedEntityModel.png"/>
            <item kind="action" text="Variable" cmd="GUInewDataSourceVariable" active="true"
                icon="Images/toolbar/guiDesigner/standard/createVariable.png"/>
            <item kind="action" text="Array" cmd="GUINewDataSourceArray" active="true"
                icon="Images/toolbar/guiDesigner/standard/createArray.png"/>
            <item kind="action" text="Object" cmd="GUINewDataSourceObject" active="true"
                icon="Images/toolbar/guiDesigner/standard/createObject.png"/>
        </object>

        <object kind="separator"/>

        <object kind="button" id="verticalAlign" title="Vertical Alignments" popup="2" style="1"
            icon="Images/toolbar/guiDesigner/standard/alignVertically.png">
            <item kind="action" text="Align Top" cmd="GUIAlignTop"
                icon="Images/toolbar/guiDesigner/standard/alignTop.png"/>
            <item kind="action" text="Align Bottom" cmd="GUIAlignBottom"
                icon="Images/toolbar/guiDesigner/standard/alignBottom.png"/>
            <item kind="action" text="Center Vertically" cmd="GUICenterVertically"
                icon="Images/toolbar/guiDesigner/standard/alignVertically.png"/>
        </object>

        <object kind="button" id="alignTop" title="Align Top" cmd="GUIAlignTop" enabled="false"
            icon="Images/toolbar/guiDesigner/standard/alignTop.png"/>

        <object kind="button" id="alignBottom" title="Align Bottom" cmd="GUIAlignBottom"
            enabled="false" icon="Images/toolbar/guiDesigner/standard/alignBottom.png"/>

        <object kind="button" id="centerVertically" title="Center Vertically"
            cmd="GUICenterVertically" enabled="false"
            icon="Images/toolbar/guiDesigner/standard/alignVertically.png"/>

        <object kind="separator"/>

        <object kind="button" id="horizontalAlign" title="Horizontal Alignments" popup="2" style="1"
            icon="Images/toolbar/guiDesigner/standard/alignHorizontally.png">
            <item kind="action" text="Align Left" cmd="GUIAlignLeft"
                icon="Images/toolbar/guiDesigner/standard/alignLeft.png"/>
            <item kind="action" text="Align Right" cmd="GUIAlignRight"
                icon="Images/toolbar/guiDesigner/standard/alignRight.png"/>
            <item kind="action" text="Center Horizontally" cmd="GUICenterHorizontally"
                icon="Images/toolbar/guiDesigner/standard/alignHorizontally.png"/>

        </object>

        <object kind="button" id="alignLeft" title="Align Left" cmd="GUIAlignLeft" enabled="false"
            icon="Images/toolbar/guiDesigner/standard/alignLeft.png"/>

        <object kind="button" id="alignRight" title="Align Right" cmd="GUIAlignRight"
            enabled="false" icon="Images/toolbar/guiDesigner/standard/alignRight.png"/>

        <object kind="button" id="centerHorizontally" title="Center Horizontally" enabled="false"
            cmd="GUICenterHorizontally"
            icon="Images/toolbar/guiDesigner/standard/alignHorizontally.png"/>

        <object kind="separator"/>

        <object kind="button" id="distribution" title="Distribute Actions" popup="2" style="1"
            icon="Images/toolbar/guiDesigner/standard/distributeHorizontally.png">
            <item kind="action" text="Distribute Vertically" cmd="GUIDistributeVertically"
                icon="Images/toolbar/guiDesigner/standard/distributeVertically.png"/>
            <item kind="action" text="Distribute Horizontally" cmd="GUIDistributeHorizontally"
                icon="Images/toolbar/guiDesigner/standard/distributeHorizontally.png"/>
        </object>

        <object kind="button" id="distributeHorizontally" title="Distribute Horizontally"
            cmd="GUIDistributeHorizontally" enabled="false"
            icon="Images/toolbar/guiDesigner/standard/distributeHorizontally.png"/>

        <object kind="button" id="distributeVertically" title="Distribute Vertically"
            cmd="GUIDistributeVertically" enabled="false"
            icon="Images/toolbar/guiDesigner/standard/distributeVertically.png"/>

        <object kind="separator"/>

        <object kind="button" id="move" title="Movements" popup="2" style="1"
            icon="Images/toolbar/guiDesigner/standard/movements.png">
            <!--<item kind="action" text="Move Backward" cmd="GUIMoveBackward"
                icon="Images/toolbar/guiDesigner/standard/moveBackward.png"/>
            <item kind="action" text="Move Forward" cmd="GUIMoveForward"
                icon="Images/toolbar/guiDesigner/standard/moveToFront.png"/>
            <item kind="separator"/>-->
            <item kind="action" text="Move to Back" cmd="GUIMoveToBack"
                icon="Images/toolbar/guiDesigner/standard/moveToBack.png"/>
            <item kind="action" text="Move to Front" cmd="GUIMoveToFront"
                icon="Images/toolbar/guiDesigner/standard/moveToFront.png"/>
        </object>

        <object kind="button" id="moveToBack" title="Move to Back" cmd="GUIMoveToBack"
            enabled="false" icon="Images/toolbar/guiDesigner/standard/moveToBack.png"/>

        <object kind="button" id="moveToFront" title="Move to Front" cmd="GUIMoveToFront"
            enabled="false" icon="Images/toolbar/guiDesigner/standard/moveToFront.png"/>

        <object kind="separator"/>

        <object kind="button" id="showHideShapes" title="Show Shapes" active="true"
            cmd="GUIShowShapes" switch="1" auto="1" tips="Show Shapes" title-switch="Hide Shapes"
            tips-switch="Hide Shapes" icon="Images/toolbar/guiDesigner/standard/shapesOn.png"/>

        <object kind="plugins-list"/>

        <object kind="flexible-space"/>

        <object kind="button" id="views" title="" type="popup" in-menu="false" width="100"
            cmd="_open-page" popup="1"/>

        <object kind="button" id="script" title="" type="toolbar-button" cmd="OpenScripts"
            in-menu="false" width="35" tips="Open Scripts"
            icon="Images/toolbar/common/tiny/script.png"/>

        <object kind="button" id="panel" title="" type="toolbar-button" cmd="GUIShowPanels"
            active="true" in-menu="false" width="35" icon="Images/toolbar/common/tiny/panel.png"/>

        <object kind="button" id="action" title="" type="toolbar-button" popup="1" in-menu="false"
            tips="Actions menu" width="35" icon="Images/toolbar/common/tiny/action.png">
            <item kind="action" text="Save" cmd="Save"/>
            <item kind="separator"/>
            <item kind="action" text="New Datastore Class" cmd="GUINewDataSourceEntityModel"
                active="true"/>
            <item kind="action" text="New Relation Attribute"
                cmd="GUINewDataSourceRelatedEntityModel" active="true"/>
            <item kind="action" text="New Variable" cmd="GUInewDataSourceVariable" active="true"/>
            <item kind="action" text="New Array" cmd="GUINewDataSourceArray" active="true"/>
            <item kind="action" text="New Object" cmd="GUINewDataSourceObject" active="true"/>
            <item kind="separator"/>
            <item kind="action" text="Move Backward" cmd="GUIMoveBackward"/>
            <item kind="action" text="Move Forward" cmd="GUIMoveForward"/>
            <item kind="action" text="Move to Back" cmd="GUIMoveToBack"/>
            <item kind="action" text="Move to Front" cmd="GUIMoveToFront"/>
        </object>

    </toolbar>

</root>
