﻿<?xml version="1.0" encoding="utf-8"?>
<Menu>
  <action title="Goto Definition..." cmd="GotoDefinition"/>
  <action title="Find References..." cmd="SearchReferences"/>
  <action title="-" cmd=""/>
  <action title="Undo" cmd="Undo"/>
  <action title="Cut" cmd="Cut"/>
  <action title="Copy" cmd="Copy"/>
  <action title="Paste" cmd="Paste"/>
  <action title="-" cmd=""/>
  <action title="Copy BBCode" cmd="CopyBBCode"/>
  <action title="-" cmd=""/>
  <action title="Collapse Current Level" cmd="Fold_CurrentLevel"/>
  <action title="Expand Current Level" cmd="Unfold_CurrentLevel"/>
  <action title="-" cmd=""/>
  <action title="Select Block" cmd="Block_Select"/>
  <action title="Start of Block" cmd="Block_MoveToStart"/>
  <action title="End of Block" cmd="Block_MoveToEnd"/>
  <action title="-" cmd=""/>
  <action title="Toggle Breakpoint" cmd="ToggleBreakpoint"/>
  <action title="-" cmd=""/>
  <action title="Selected Text Style" cmd="">
    <Menu>
    <action title="Font Color..." cmd="EditorStyleColor"/>
    <action title="-" cmd=""/>
    <action title="Bold" cmd="EditorStyleBold"/>
    <action title="Italic" cmd="EditorStyleItalic"/>
    <action title="Underline" cmd="EditorStyleUnderline"/>
    </Menu>
  </action>
</Menu>