﻿<?xml version="1.0" encoding="utf-8"?>
<MenuBar>

  <!--MENU Pomme-->

  <Menu title="Apple">
    <action title="About Wakanda Studio" cmd="About"/>
  </Menu>

  <!--MENU File-->
  <Menu title="File">
    <action title="New" cmd="">
      <Menu>
        <action title="Solution..." cmd="NewSolution"/>
        <action title="Project..." cmd="NewProject"/>
        <action title="-" cmd=""/>
        <action title="Page" cmd="newPage"/>
        <action title="Web Component" cmd="newWebComponent"/>
        <action title="-" cmd=""/>
        <action title="JS File" cmd="NewJavascript"/>
        <action title="JS Module" cmd="NewModule"/>
        <action title="-" cmd=""/>
        <action title="Data Folder" cmd="NewDataFolder"/>
        <action title="-" cmd=""/>
        <action title="File..." cmd="NewFile"/>
        <action title="Folder..." cmd="NewFolder"/>
     </Menu>
    </action>
    <action title="Open" cmd="">
      <Menu>
        <action title="Solution..." cmd="OpenSolution"/>
        <action title="File..." cmd="OpenFile"/>
      </Menu>
    </action>
    <action title="Recent Solutions" cmd="">
      <Menu>
        <action title="Clear Menu" cmd="ClearRecentSolutions"/>
        <action title="-" cmd=""/>
        <action title="" cmd="OpenRecentSolution"/>
      </Menu>
    </action>
     <action title="Recent Files" cmd="">
      <Menu>
        <action title="Clear Menu" cmd="ClearRecentFile"/>
        <action title="-" cmd=""/>
        <action title="" cmd="OpenRecentFile"/>
      </Menu>
    </action>
    <action title="-" cmd=""/>
    <action title="Close Window" cmd="Close"/>
    <action title="Close Tab" cmd="CloseCurrentTab"/>
    <action title="Close Solution" cmd="CloseSolution"/>
    <action title="-" cmd=""/>
    <action title="Save" cmd="Save"/>
    <action title="Save All" cmd="SaveAll"/>
    <action title="-" cmd=""/>
    <action title="Import Folder…" cmd="ImportExternalFolder"/>
    <action title="Import File…" cmd="ImportExternalFile"/>
    <action title="-" cmd=""/>
    <action title="Rename" cmd="Rename"/>
    <action title="-" cmd="" platform="win"/>
    <action title="Quit" cmd="Quit" platform="win"/>
  </Menu>

  <!--MENU Edit-->
  <Menu title="Edit">
    <action title="Undo" cmd="Undo"/>
    <action title="Redo" cmd="Redo"/>
    <action title="-" cmd=""/>
    <action title="Cut" cmd="Cut"/>
    <action title="Copy" cmd="Copy"/>
    <action title="Paste" cmd="Paste"/>
    <action title="Clear" cmd="Clear"/>
    <action title="Select All" cmd="SelectAll"/>
    <action title="-" cmd=""/>
    <action title="Edit Shortcuts..." cmd="EditShortcuts"/>
    <action title="Restore Default Preferences..." cmd="FactorySettings"/>
  </Menu>

  <!--MENU Run-->
  <Menu title="Run">
    <action title="Run Project" cmd="RunProject"/>
    <action title="Debug Project" cmd="DebugProject"/>
    <action title="-" cmd=""/>
    <action title="Run File" cmd="RunExplorerFile"/>
    <action title="Debug File" cmd="DebugExplorerFile"/>
    <action title="-" cmd=""/>
    <action title="Start Solution Server" alternativeTitle="Stop Solution Server" cmd="StartWakandaServer"/>
    <action title="Start Debugger" alternativeTitle="Stop Debugger" cmd="StartWakandaDebugger"/>
	<action title="Connect to Other Server..." alternativeTitle="Disconnect from Other Server" cmd="DebugOther"/>
  </Menu>

  <!--MENU Tools-->
  <Menu title="Tools">
    <action title="Find..." cmd="FindInFiles"/>
    <action title="Search Results..." cmd="FindResultsList"/>
    <action title="-" cmd=""/>
    <action title="Administration..." cmd="StartWakandaAdmin"/>
  </Menu>
  
</MenuBar>