﻿<?xml version="1.0" encoding="UTF-8"?><shortcut_list>
<shortcut category="General" name="About"/>
<shortcut category="Files" name="NewSolution"/>
<shortcut category="Files" name="NewProject" letter="N" shift="true"/>
<shortcut category="Files" name="NewFile" letter="N"/>
<shortcut category="Files" name="NewFolder"/>
<!--shortcut category="Files" name="NewGUI"/-->
<!--shortcut category="Files" name="NewHTML"/-->
<!--shortcut category="Files" name="NewXML"/-->
<!--shortcut category="Files" name="NewCSS"/-->
<!--shortcut category="Files" name="NewPHP"/-->
<!--shortcut category="Files" name="NewTXT"/-->
<!--shortcut category="Files" name="NewJSON"/-->
<shortcut category="Files" name="OpenSolution"/>
<shortcut category="Files" name="OpenFile"/>
<shortcut category="Files" name="Close" letter="W" shift="true"/>
<shortcut category="Files" name="CloseCurrentTab" letter="W"/>
<shortcut category="Files" name="CloseSolution"/>
<shortcut category="Files" name="Save" letter="S"/>
<shortcut category="Files" name="SaveAll" letter="S" shift="true"/>
<shortcut category="General" name="Quit"/>
<shortcut category="Edit" name="Undo" letter="Z"/>
<shortcut category="Edit" name="Redo" letter="Y"/>
<shortcut category="Edit" name="Cut" letter="X"/>
<shortcut category="Edit" name="Copy" letter="C"/>
<shortcut category="Edit" name="Paste" letter="V"/>
<shortcut category="Edit" name="Clear"/>
<shortcut category="Edit" name="SelectAll" letter="A"/>
<shortcut category="Code Editor - Edit" name="Block_Select"/>
<shortcut category="Code Editor - Edit" name="Block_MoveToStart" letter="up arrow" command="true"/>
<shortcut category="Code Editor - Edit" name="Block_MoveToEnd" letter="down arrow" command="true"/>
<shortcut category="Code Editor - Folding" name="Fold_Selection"/>
<shortcut category="Code Editor - Folding" name="Fold_CurrentLevel"/>
<shortcut category="Code Editor - Folding" name="Fold_All"/>
<shortcut category="Code Editor - Folding" name="Unfold_Selection"/>
<shortcut category="Code Editor - Folding" name="Unfold_CurrentLevel"/>
<shortcut category="Code Editor - Folding" name="Unfold_All"/>
<shortcut category="Code Editor - Edit" name="MoveSelectionUp" letter="up arrow" alt="true"/>
<shortcut category="Code Editor - Edit" name="MoveSelectionDown" letter="down arrow" alt="true"/>
<shortcut category="Code Editor - Edit" name="ShiftSelectionLeft"/>
<shortcut category="Code Editor - Edit" name="ShiftSelectionRight"/>
<shortcut category="Code Editor - Edit" name="CommentUncomment"/>
<shortcut category="Code Editor - Edit" name="Case_LowerCase"/>
<shortcut category="Code Editor - Edit" name="Case_UpperCase"/>
<shortcut category="Code Editor - Edit" name="Case_CamelCaseLower"/>
<shortcut category="Code Editor - Edit" name="Case_CamelCaseUpper"/>
<shortcut category="Code Editor - View" name="ViewStatusBar"/>
<shortcut category="Code Editor - View" name="ViewOutline" letter="7"/>
<shortcut category="Code Editor - View" name="ViewOutput" letter="4"/>
<shortcut category="Code Editor - View" name="ViewLineNumbers"/>
<shortcut category="Code Editor - View" name="ViewWhiteSpaces"/>
<shortcut category="Code Editor - View" name="ViewBiggerFont" letter="+"/>
<shortcut category="Code Editor - View" name="ViewSmallerFont" letter="-"/>
<shortcut category="Code Editor - Navigate" name="GotoDefinition" letter="B"/>
<shortcut category="Code Editor - Navigate" name="SearchReferences" letter="F7" alt="true"/>
<shortcut category="Code Editor - Edit" name="ToggleBreakpoint" letter="F9"/>
<shortcut category="Code Editor - Edit" name="EditBreakpoint"/>
<shortcut category="Code Editor - Navigate" name="NextError" letter="."/>
<shortcut category="Code Editor - Navigate" name="PreviousError"/>
<shortcut category="Code Editor - Navigate" name="RemoveAllBookmark"/>
<shortcut category="Code Editor - Navigate" name="GotoNextBookmark" letter="M"/>
<shortcut category="Code Editor - Navigate" name="GotoPreviousBookmark" alt ="true" letter="M"/>
<shortcut category="Code Editor - Navigate" name="GotoLine" letter="G"/>
<shortcut category="General" name="FindInFiles" letter="F" shift="true"/>
<shortcut category="Code Editor - Find" name="Find" letter="F"/>
<shortcut category="Code Editor - Find" name="FindNext" letter="F3"/>
<shortcut category="Code Editor - Find" name="FindPrevious" letter="F3" shift="true"/>
<shortcut category="Code Editor - Find" name="FindSameNext" letter="F3" command="true"/>
<shortcut category="Code Editor - Find" name="FindSamePrevious"/>
<shortcut category="Code Editor - Find" name="Replace" letter="H"/>
<shortcut category="Code Editor - Find" name="ReplaceNext"/>
<shortcut category="Code Editor - Find" name="ReplacePrevious"/>
<shortcut category="Code Editor - Find" name="ReplaceAll"/>
<shortcut category="Code Editor - Preferences" name ="AutoInsertTabs"/>
<shortcut category="Code Editor - Preferences" name ="AutoInsertBlocks"/>
<shortcut category="Code Editor - Preferences" name ="AutoInsertClosingChars"/>
<shortcut category="Code Editor - Preferences" name ="AutoSave"/>
<shortcut category="Wakanda Server" name="StartWakandaServer"/>
<shortcut category="Wakanda Server" name="StartWakandaDebugger"/>
<shortcut category="Wakanda Server" name="StartWakandaAdmin"/>
<shortcut category="Windows" name="MinimizeWindow"/>
<shortcut category="Windows" name="MinimizeAllWindow"/>
<shortcut category="Windows" name="BringAllToFront"/>
<shortcut category="Wakanda Server" name="SetAsStartupProject"/>
<shortcut category="Wakanda Server" name="SetStartServerOnSolutionOpen"/>
<shortcut category="Wakanda Server" name="SetStopServerOnSolutionClose"/>
<shortcut category="Files" name="Rename" letter="F2"/>
<shortcut category="General" name="EditInNewWindow"/>
<shortcut category="General" name="EditInNewTab"/>
<shortcut category="Files" name="AddExistingProject"/>
<shortcut category="Files" name="ImportExternalFolder"/>
<shortcut category="Files" name="ImportExternalFile"/>
<shortcut category="General" name="ExcludeFromSolution"/>
<shortcut category="General" name="RevealInFinder"/>
<shortcut category="General" name="RevealInExplorer"/>
<shortcut category="General" name="RevealParentInExplorer"/>
<shortcut category="General" name="RunEditorFile"/>
<shortcut category="General" name="RunExplorerFile"/>
<shortcut category="General" name="RunProject" letter="F6"/>
<shortcut category="General" name="MainPage"/>
<shortcut category="General" name="Catalog"/>
<shortcut category="General" name="OpenDebugger" letter="F5" command="true"/>
<shortcut category="Debugger" name="Continue" letter="F5"/>
<shortcut category="Debugger" name="StepInto" letter="F7"/>
<shortcut category="Debugger" name="StepOut" letter="F7" command="true"/>
<shortcut category="Debugger" name="StepOver" letter="F8"/>
<shortcut category="Debugger" name="Abort" letter="F5" shift="true"/>
<shortcut category="Datastore Model Designer" name="EMNewEntityModel"/>
<shortcut category="Datastore Model Designer" name="EMNewAttribute"/>
<shortcut category="Datastore Model Designer" name="EMRelationOff"/>
<shortcut category="Datastore Model Designer" name="EMRelationSeeAll"/>
<shortcut category="Datastore Model Designer" name="EMRelationSeeSelected"/>
<shortcut category="Datastore Model Designer" name="EMToggleBothLayouts"/>
<shortcut category="Datastore Model Designer" name="EMToggleMethods"/>
<shortcut category="Datastore Model Designer" name="EMToggleRelationAttributes"/>
<shortcut category="Datastore Model Designer" name="EMToggleInheritedAttributes"/>
<shortcut category="Datastore Model Designer" name="EMToggleStorageAttributes"/>
<shortcut category="Datastore Model Designer" name="EMCloseAllPanels"/>
<shortcut category="GUI Designer" name="GUINewDataSourceEntityModel"/>
<shortcut category="GUI Designer" name="GUINewDataSourceRelatedEntityModel"/>
<shortcut category="GUI Designer" name="GUINewDataSourceVariable"/>
<shortcut category="GUI Designer" name="GUINewDataSourceArray"/>
<shortcut category="GUI Designer" name="GUINewDataSourceObject"/>
<shortcut category="GUI Designer" name="GUIAlignLeft"/>
<shortcut category="GUI Designer" name="GUIAlignRight"/>
<shortcut category="GUI Designer" name="GUIAlignTop"/>
<shortcut category="GUI Designer" name="GUIAlignBottom"/>
<shortcut category="GUI Designer" name="GUICenterVertically"/>
<shortcut category="GUI Designer" name="GUICenterHorizontally"/>
<shortcut category="GUI Designer" name="GUIDistributeVertically"/>
<shortcut category="GUI Designer" name="GUIDistributeHorizontally"/>
<shortcut category="GUI Designer" name="GUIMoveBackward"/>
<shortcut category="GUI Designer" name="GUIMoveForward"/>
<shortcut category="GUI Designer" name="GUIMoveToBack"/>
<shortcut category="GUI Designer" name="GUIMoveToFront"/>
<shortcut category="GUI Designer" name="GUIShowShapes"/>
<shortcut category="GUI Designer" name="GUIShowPanels"/>
<shortcut category="Editors" name="OpenScripts"/>
<shortcut category="Editors" name="GotoSource" letter="B" shift="true"/>
<shortcut category="General" name="NextTab" letter="tab" command="true"/>
<shortcut category="General" name="PreviousTab" letter="tab" shift="true" command="true"/>
<shortcut category="Editors" name="OpenWebEditor"/>
<shortcut category="Directory" name ="NewUAG"/>
<shortcut category="Directory" name ="RemoveUAG"/>
<shortcut category="Directory" name ="DirectoryView"/>
<shortcut category="General" name ="EnableAllBreakPoints"/>
<shortcut category="General" name ="DisableAllBreakPoints"/>
<shortcut category="Datastore Model Designer" name="FreeScript"/>
<shortcut category="General" name ="EditShortcuts"/>
<shortcut category="General" name ="EditDirectory"/>
<shortcut category="General" name ="FactorySettings"/>
</shortcut_list>