﻿<?xml version="1.0" encoding="utf-8"?>
<Menu>
  <action title="Close" cmd="CloseFromTabs"/>
  <action title="Close Others" cmd="CloseOthersFromTabs"/>
  <action title="Close All" cmd="CloseAllFromTabs"/>
  <action title="-" cmd=""/>
  <action title="Save" cmd="Save"/>
  <action title="Save All" cmd="SaveAll"/>
  <action title="Save Automatically" cmd="AutoSave"/>
  <action title="-" cmd=""/>
  <action title="Next" cmd="NextTab"/>
  <action title="Previous" cmd="PreviousTab"/>
  <action title="-" cmd=""/>
  <action title="Run File" cmd="RunEditorFile"/>
  <action title="-" cmd=""/>
  <action title="Move to New Window" cmd="MoveToNewWindow"/>
  <action title="-" cmd=""/>
  <action title="Reveal in Solution Explorer" cmd="RevealInExplorerFromTabs"/>
  <action title="Open Enclosing Folder" cmd="RevealInFinderFromTabs"/>
</Menu>